-- phpMyAdmin SQL Dump
-- version 5.2.0
-- https://www.phpmyadmin.net/
--
-- Host: 127.0.0.1
-- Generation Time: Apr 02, 2023 at 10:02 AM
-- Server version: 10.4.27-MariaDB
-- PHP Version: 8.2.0

SET SQL_MODE = "NO_AUTO_VALUE_ON_ZERO";
START TRANSACTION;
SET time_zone = "+00:00";


/*!40101 SET @OLD_CHARACTER_SET_CLIENT=@@CHARACTER_SET_CLIENT */;
/*!40101 SET @OLD_CHARACTER_SET_RESULTS=@@CHARACTER_SET_RESULTS */;
/*!40101 SET @OLD_COLLATION_CONNECTION=@@COLLATION_CONNECTION */;
/*!40101 SET NAMES utf8mb4 */;

--
-- Database: `db_internet_payment`
--

-- --------------------------------------------------------

--
-- Table structure for table `bills`
--

CREATE TABLE `bills` (
  `id` bigint(20) UNSIGNED NOT NULL,
  `invoice_number` varchar(50) NOT NULL,
  `customer_id` bigint(20) UNSIGNED NOT NULL,
  `date` date NOT NULL,
  `is_paid` tinyint(1) NOT NULL DEFAULT 0,
  `created_at` timestamp NULL DEFAULT NULL,
  `updated_at` timestamp NULL DEFAULT NULL
) ENGINE=InnoDB DEFAULT CHARSET=utf8mb4 COLLATE=utf8mb4_unicode_ci;

--
-- Dumping data for table `bills`
--

INSERT INTO `bills` (`id`, `invoice_number`, `customer_id`, `date`, `is_paid`, `created_at`, `updated_at`) VALUES
(1, 'INV/005367', 1, '2021-08-01', 0, '2021-08-09 00:55:38', '2021-08-09 00:55:38'),
(2, 'INV/006936', 2, '2021-08-01', 0, '2021-08-09 00:55:38', '2021-08-09 00:55:38'),
(3, 'INV/008490', 3, '2021-08-01', 1, '2021-08-09 00:55:38', '2021-08-09 13:29:38'),
(4, 'INV/002538', 4, '2021-08-01', 0, '2021-08-09 00:55:38', '2021-08-09 00:55:38'),
(5, 'INV/005578', 5, '2021-08-01', 0, '2021-08-09 00:55:38', '2021-08-09 00:55:38'),
(6, 'INV/007211', 6, '2021-08-01', 1, '2021-08-09 00:55:38', '2021-08-09 13:30:03'),
(7, 'INV/007135', 7, '2021-08-01', 1, '2021-08-09 00:55:38', '2021-08-09 13:30:19'),
(8, 'INV/005766', 8, '2021-08-01', 0, '2021-08-09 00:55:38', '2021-08-09 00:55:38'),
(9, 'INV/003476', 9, '2021-08-01', 0, '2021-08-09 00:55:38', '2021-08-09 00:55:38'),
(10, 'INV/004921', 10, '2021-08-01', 0, '2021-08-09 00:55:38', '2021-08-09 00:55:38'),
(11, 'INV/004837', 11, '2021-08-01', 0, '2021-08-09 00:55:38', '2021-08-09 00:55:38'),
(12, 'INV/00134', 12, '2021-08-01', 0, '2021-08-09 00:55:38', '2021-08-09 00:55:38'),
(13, 'INV/006853', 13, '2021-08-01', 1, '2021-08-09 00:55:38', '2021-08-09 15:51:28'),
(14, 'INV/006331', 14, '2021-08-01', 0, '2021-08-09 00:55:38', '2021-08-09 00:55:38'),
(15, 'INV/009047', 15, '2021-08-01', 0, '2021-08-09 00:55:38', '2021-08-09 00:55:38'),
(16, 'INV/005399', 16, '2021-08-01', 1, '2021-08-09 00:55:38', '2021-08-09 15:52:17'),
(17, 'INV/005297', 17, '2021-08-01', 0, '2021-08-09 00:55:38', '2021-08-09 00:55:38'),
(18, 'INV/006225', 18, '2021-08-01', 1, '2021-08-09 00:55:38', '2021-08-09 13:40:43'),
(19, 'INV/004058', 19, '2021-08-01', 0, '2021-08-09 00:55:38', '2021-08-09 00:55:38'),
(20, 'INV/006033', 20, '2021-08-01', 0, '2021-08-09 00:55:38', '2021-08-09 00:55:38'),
(21, 'INV/005356', 21, '2021-08-01', 0, '2021-08-09 00:55:38', '2021-08-09 00:55:38'),
(22, 'INV/00964', 22, '2021-08-01', 1, '2021-08-09 00:55:38', '2021-08-09 13:28:55'),
(23, 'INV/007756', 1, '2021-01-01', 0, '2021-08-31 17:30:38', '2021-08-31 17:30:38'),
(24, 'INV/001607', 2, '2021-01-01', 1, '2021-08-31 17:30:38', '2021-12-01 01:39:26'),
(25, 'INV/003186', 3, '2021-01-01', 0, '2021-08-31 17:30:38', '2021-08-31 17:30:38'),
(26, 'INV/003470', 4, '2021-01-01', 0, '2021-08-31 17:30:38', '2021-08-31 17:30:38'),
(27, 'INV/009735', 5, '2021-01-01', 0, '2021-08-31 17:30:38', '2021-08-31 17:30:38'),
(28, 'INV/004699', 6, '2021-01-01', 0, '2021-08-31 17:30:38', '2021-08-31 17:30:38'),
(29, 'INV/003889', 7, '2021-01-01', 0, '2021-08-31 17:30:38', '2021-08-31 17:30:38'),
(30, 'INV/002832', 8, '2021-01-01', 0, '2021-08-31 17:30:38', '2021-08-31 17:30:38'),
(31, 'INV/008060', 9, '2021-01-01', 0, '2021-08-31 17:30:38', '2021-08-31 17:30:38'),
(32, 'INV/00953', 10, '2021-01-01', 0, '2021-08-31 17:30:38', '2021-08-31 17:30:38'),
(33, 'INV/006099', 11, '2021-01-01', 0, '2021-08-31 17:30:38', '2021-08-31 17:30:38'),
(34, 'INV/008282', 12, '2021-01-01', 0, '2021-08-31 17:30:38', '2021-08-31 17:30:38'),
(35, 'INV/003126', 13, '2021-01-01', 0, '2021-08-31 17:30:38', '2021-08-31 17:30:38'),
(36, 'INV/003746', 14, '2021-01-01', 0, '2021-08-31 17:30:38', '2021-08-31 17:30:38'),
(37, 'INV/002312', 15, '2021-01-01', 0, '2021-08-31 17:30:38', '2021-08-31 17:30:38'),
(38, 'INV/002266', 16, '2021-01-01', 0, '2021-08-31 17:30:38', '2021-08-31 17:30:38'),
(39, 'INV/007143', 17, '2021-01-01', 0, '2021-08-31 17:30:38', '2021-08-31 17:30:38'),
(40, 'INV/004808', 18, '2021-01-01', 0, '2021-08-31 17:30:38', '2021-08-31 17:30:38'),
(41, 'INV/004601', 19, '2021-01-01', 0, '2021-08-31 17:30:38', '2021-08-31 17:30:38'),
(42, 'INV/002606', 20, '2021-01-01', 0, '2021-08-31 17:30:38', '2021-08-31 17:30:38'),
(43, 'INV/005992', 21, '2021-01-01', 0, '2021-08-31 17:30:38', '2021-08-31 17:30:38'),
(44, 'INV/008086', 22, '2021-01-01', 0, '2021-08-31 17:30:38', '2021-08-31 17:30:38'),
(45, 'INV/004274', 23, '2021-01-01', 0, '2021-08-31 17:30:38', '2021-08-31 17:30:38'),
(46, 'INV/00563', 24, '2021-01-01', 0, '2021-08-31 17:30:38', '2021-08-31 17:30:38'),
(47, 'INV/007354', 1, '2021-09-01', 1, '2021-08-31 17:31:25', '2021-10-01 20:06:06'),
(48, 'INV/009087', 2, '2021-09-01', 1, '2021-08-31 17:31:25', '2021-10-01 20:06:16'),
(49, 'INV/009901', 3, '2021-09-01', 1, '2021-08-31 17:31:25', '2021-10-01 20:06:22'),
(50, 'INV/005067', 4, '2021-09-01', 1, '2021-08-31 17:31:25', '2021-10-01 20:06:33'),
(51, 'INV/004633', 5, '2021-09-01', 1, '2021-08-31 17:31:25', '2021-10-01 20:06:51'),
(52, 'INV/005962', 6, '2021-09-01', 1, '2021-08-31 17:31:25', '2021-10-01 20:06:42'),
(53, 'INV/001049', 7, '2021-09-01', 1, '2021-08-31 17:31:25', '2021-10-01 20:07:01'),
(54, 'INV/006501', 8, '2021-09-01', 1, '2021-08-31 17:31:25', '2021-10-01 20:07:08'),
(55, 'INV/009165', 9, '2021-09-01', 1, '2021-08-31 17:31:25', '2021-10-01 20:07:15'),
(56, 'INV/00397', 10, '2021-09-01', 1, '2021-08-31 17:31:25', '2021-10-01 20:07:20'),
(57, 'INV/002122', 11, '2021-09-01', 1, '2021-08-31 17:31:25', '2021-10-01 20:07:31'),
(58, 'INV/006213', 12, '2021-09-01', 1, '2021-08-31 17:31:25', '2021-10-01 20:07:41'),
(59, 'INV/00646', 13, '2021-09-01', 1, '2021-08-31 17:31:25', '2021-10-01 20:07:53'),
(60, 'INV/008362', 14, '2021-09-01', 1, '2021-08-31 17:31:25', '2021-10-01 20:08:03'),
(61, 'INV/004818', 15, '2021-09-01', 1, '2021-08-31 17:31:25', '2021-10-01 20:08:15'),
(62, 'INV/004487', 16, '2021-09-01', 1, '2021-08-31 17:31:25', '2021-10-01 20:08:27'),
(63, 'INV/003382', 17, '2021-09-01', 1, '2021-08-31 17:31:25', '2021-10-01 20:08:38'),
(64, 'INV/004279', 18, '2021-09-01', 1, '2021-08-31 17:31:25', '2021-10-01 20:08:47'),
(65, 'INV/002216', 19, '2021-09-01', 0, '2021-08-31 17:31:25', '2021-08-31 17:31:25'),
(66, 'INV/009226', 20, '2021-09-01', 0, '2021-08-31 17:31:25', '2021-08-31 17:31:25'),
(67, 'INV/004630', 21, '2021-09-01', 1, '2021-08-31 17:31:25', '2021-10-01 20:08:57'),
(68, 'INV/009491', 22, '2021-09-01', 1, '2021-08-31 17:31:25', '2021-10-01 20:09:04'),
(69, 'INV/002210', 23, '2021-09-01', 1, '2021-08-31 17:31:25', '2021-10-01 20:09:12'),
(70, 'INV/002723', 24, '2021-09-01', 1, '2021-08-31 17:31:25', '2021-10-01 20:09:20'),
(71, 'INV/003693', 1, '2021-10-01', 1, '2021-10-01 20:05:45', '2021-11-01 14:01:16'),
(72, 'INV/003871', 2, '2021-10-01', 1, '2021-10-01 20:05:45', '2021-11-01 14:01:36'),
(73, 'INV/006447', 3, '2021-10-01', 1, '2021-10-01 20:05:45', '2021-10-02 00:01:51'),
(74, 'INV/008947', 4, '2021-10-01', 1, '2021-10-01 20:05:45', '2021-11-01 14:01:45'),
(75, 'INV/009084', 5, '2021-10-01', 1, '2021-10-01 20:05:45', '2021-10-01 20:47:19'),
(76, 'INV/008585', 6, '2021-10-01', 1, '2021-10-01 20:05:45', '2021-10-02 00:15:46'),
(77, 'INV/006211', 7, '2021-10-01', 1, '2021-10-01 20:05:45', '2021-11-01 14:01:55'),
(78, 'INV/009519', 8, '2021-10-01', 1, '2021-10-01 20:05:45', '2021-11-01 14:02:05'),
(79, 'INV/003233', 9, '2021-10-01', 1, '2021-10-01 20:05:45', '2021-11-01 14:02:15'),
(80, 'INV/009017', 10, '2021-10-01', 1, '2021-10-01 20:05:45', '2021-11-01 14:02:25'),
(81, 'INV/00602', 11, '2021-10-01', 1, '2021-10-01 20:05:45', '2021-11-01 14:02:38'),
(82, 'INV/002244', 12, '2021-10-01', 1, '2021-10-01 20:05:45', '2021-11-01 14:03:01'),
(83, 'INV/002767', 13, '2021-10-01', 1, '2021-10-01 20:05:45', '2021-11-01 14:03:17'),
(84, 'INV/008910', 14, '2021-10-01', 1, '2021-10-01 20:05:45', '2021-11-01 14:03:31'),
(85, 'INV/009136', 15, '2021-10-01', 1, '2021-10-01 20:05:45', '2021-11-01 14:04:00'),
(86, 'INV/001520', 16, '2021-10-01', 1, '2021-10-01 20:05:45', '2021-11-01 14:04:33'),
(87, 'INV/00248', 17, '2021-10-01', 1, '2021-10-01 20:05:45', '2021-11-01 14:05:10'),
(88, 'INV/00364', 18, '2021-10-01', 1, '2021-10-01 20:05:45', '2021-11-01 14:06:25'),
(89, 'INV/001969', 19, '2021-10-01', 1, '2021-10-01 20:05:45', '2021-11-01 14:07:54'),
(90, 'INV/008871', 20, '2021-10-01', 1, '2021-10-01 20:05:45', '2021-11-01 14:08:08'),
(91, 'INV/004821', 21, '2021-10-01', 1, '2021-10-01 20:05:45', '2021-11-01 14:08:46'),
(92, 'INV/004947', 22, '2021-10-01', 1, '2021-10-01 20:05:45', '2021-10-01 20:09:57'),
(93, 'INV/001026', 23, '2021-10-01', 1, '2021-10-01 20:05:45', '2021-11-01 14:09:22'),
(94, 'INV/00871', 24, '2021-10-01', 1, '2021-10-01 20:05:45', '2021-11-01 14:09:12'),
(95, 'INV/001499', 25, '2021-10-01', 1, '2021-10-01 20:05:45', '2021-11-01 14:09:00'),
(96, 'INV/009634', 26, '2021-10-01', 1, '2021-10-01 20:05:45', '2021-10-01 20:09:45'),
(97, 'INV/00124', 1, '2021-11-01', 1, '2021-11-01 14:12:10', '2021-12-01 01:39:18'),
(98, 'INV/005085', 2, '2021-11-01', 1, '2021-11-01 14:12:10', '2021-12-01 01:39:36'),
(99, 'INV/003646', 3, '2021-11-01', 1, '2021-11-01 14:12:10', '2021-12-01 01:39:48'),
(100, 'INV/007314', 4, '2021-11-01', 1, '2021-11-01 14:12:10', '2021-12-01 01:39:58'),
(101, 'INV/002296', 5, '2021-11-01', 1, '2021-11-01 14:12:10', '2021-12-01 01:40:11'),
(102, 'INV/004140', 6, '2021-11-01', 1, '2021-11-01 14:12:10', '2021-12-01 01:40:20'),
(103, 'INV/003319', 7, '2021-11-01', 1, '2021-11-01 14:12:10', '2021-12-01 01:40:38'),
(104, 'INV/008496', 8, '2021-11-01', 1, '2021-11-01 14:12:10', '2021-12-01 01:41:00'),
(105, 'INV/009050', 9, '2021-11-01', 1, '2021-11-01 14:12:10', '2021-12-01 01:41:07'),
(106, 'INV/006804', 10, '2021-11-01', 1, '2021-11-01 14:12:10', '2021-12-01 01:41:15'),
(107, 'INV/005476', 11, '2021-11-01', 1, '2021-11-01 14:12:10', '2021-12-01 01:41:27'),
(108, 'INV/001321', 12, '2021-11-01', 1, '2021-11-01 14:12:10', '2021-12-11 23:24:36'),
(109, 'INV/007946', 13, '2021-11-01', 1, '2021-11-01 14:12:10', '2021-12-11 23:24:47'),
(110, 'INV/002789', 14, '2021-11-01', 1, '2021-11-01 14:12:10', '2021-12-11 23:24:58'),
(111, 'INV/008687', 15, '2021-11-01', 1, '2021-11-01 14:12:10', '2021-11-01 14:13:48'),
(112, 'INV/00404', 16, '2021-11-01', 1, '2021-11-01 14:12:10', '2021-12-11 23:25:10'),
(113, 'INV/007861', 17, '2021-11-01', 1, '2021-11-01 14:12:10', '2021-12-11 23:25:22'),
(114, 'INV/008750', 18, '2021-11-01', 1, '2021-11-01 14:12:10', '2021-12-11 23:25:32'),
(115, 'INV/009961', 19, '2021-11-01', 1, '2021-11-01 14:12:10', '2021-12-11 23:25:42'),
(116, 'INV/007941', 20, '2021-11-01', 1, '2021-11-01 14:12:10', '2021-12-11 23:25:52'),
(117, 'INV/008653', 21, '2021-11-01', 1, '2021-11-01 14:12:10', '2021-12-11 23:26:03'),
(118, 'INV/003079', 22, '2021-11-01', 1, '2021-11-01 14:12:10', '2021-12-11 23:30:13'),
(119, 'INV/009928', 23, '2021-11-01', 1, '2021-11-01 14:12:10', '2021-12-11 23:31:33'),
(120, 'INV/00472', 24, '2021-11-01', 1, '2021-11-01 14:12:10', '2021-11-01 14:13:11'),
(121, 'INV/009000', 25, '2021-11-01', 1, '2021-11-01 14:12:10', '2021-12-11 23:31:21'),
(122, 'INV/002552', 26, '2021-11-01', 1, '2021-11-01 14:12:10', '2021-12-11 23:31:10'),
(123, 'INV/006622', 1, '2021-12-01', 1, '2021-12-11 23:37:12', '2022-01-04 03:30:55'),
(124, 'INV/007017', 2, '2021-12-01', 1, '2021-12-11 23:37:12', '2021-12-14 00:14:02'),
(125, 'INV/009814', 3, '2021-12-01', 1, '2021-12-11 23:37:12', '2021-12-11 23:39:54'),
(126, 'INV/007210', 4, '2021-12-01', 1, '2021-12-11 23:37:12', '2022-01-04 03:30:59'),
(127, 'INV/005013', 5, '2021-12-01', 1, '2021-12-11 23:37:12', '2021-12-11 23:39:37'),
(128, 'INV/003456', 6, '2021-12-01', 1, '2021-12-11 23:37:12', '2022-01-04 03:31:02'),
(129, 'INV/00912', 7, '2021-12-01', 1, '2021-12-11 23:37:12', '2021-12-13 23:47:45'),
(130, 'INV/002851', 8, '2021-12-01', 1, '2021-12-11 23:37:12', '2022-01-04 03:31:05'),
(131, 'INV/009770', 9, '2021-12-01', 1, '2021-12-11 23:37:12', '2022-01-04 03:31:08'),
(132, 'INV/006184', 10, '2021-12-01', 1, '2021-12-11 23:37:12', '2022-01-04 03:31:10'),
(133, 'INV/007365', 11, '2021-12-01', 1, '2021-12-11 23:37:12', '2021-12-13 23:48:14'),
(134, 'INV/001518', 12, '2021-12-01', 1, '2021-12-11 23:37:12', '2022-01-04 03:31:14'),
(135, 'INV/004198', 13, '2021-12-01', 1, '2021-12-11 23:37:12', '2021-12-11 23:40:30'),
(136, 'INV/008836', 14, '2021-12-01', 1, '2021-12-11 23:37:12', '2022-01-04 03:31:18'),
(137, 'INV/009370', 15, '2021-12-01', 1, '2021-12-11 23:37:12', '2021-12-11 23:40:54'),
(138, 'INV/002085', 16, '2021-12-01', 1, '2021-12-11 23:37:12', '2022-01-04 03:31:21'),
(139, 'INV/001307', 17, '2021-12-01', 1, '2021-12-11 23:37:12', '2022-01-04 03:31:25'),
(140, 'INV/008647', 18, '2021-12-01', 1, '2021-12-11 23:37:12', '2022-01-04 03:31:30'),
(141, 'INV/005512', 19, '2021-12-01', 1, '2021-12-11 23:37:12', '2022-01-04 03:31:34'),
(142, 'INV/004787', 20, '2021-12-01', 1, '2021-12-11 23:37:12', '2022-01-04 03:31:37'),
(143, 'INV/005889', 21, '2021-12-01', 1, '2021-12-11 23:37:12', '2022-01-04 03:31:42'),
(144, 'INV/00550', 22, '2021-12-01', 1, '2021-12-11 23:37:12', '2021-12-13 23:51:00'),
(145, 'INV/004593', 23, '2021-12-01', 1, '2021-12-11 23:37:12', '2022-01-04 03:31:46'),
(146, 'INV/00458', 24, '2021-12-01', 1, '2021-12-11 23:37:12', '2021-12-13 23:51:40'),
(147, 'INV/005738', 25, '2021-12-01', 1, '2021-12-11 23:37:12', '2021-12-11 23:41:59'),
(148, 'INV/004118', 26, '2021-12-01', 1, '2021-12-11 23:37:12', '2021-12-11 23:41:17'),
(149, 'INV/009815', 27, '2021-12-01', 1, '2021-12-11 23:37:12', '2021-12-13 23:51:15'),
(150, 'INV/00757', 28, '2021-12-01', 1, '2021-12-11 23:37:12', '2021-12-11 23:41:44'),
(151, 'INV/009474', 1, '2022-01-01', 1, '2022-01-04 03:22:17', '2022-02-02 04:55:28'),
(152, 'INV/006374', 2, '2022-01-01', 1, '2022-01-04 03:22:17', '2022-02-02 04:55:31'),
(153, 'INV/00462', 3, '2022-01-01', 1, '2022-01-04 03:22:17', '2022-01-04 06:00:20'),
(154, 'INV/008625', 4, '2022-01-01', 1, '2022-01-04 03:22:17', '2022-02-02 04:55:35'),
(155, 'INV/00573', 5, '2022-01-01', 1, '2022-01-04 03:22:17', '2022-01-04 06:00:29'),
(156, 'INV/003203', 6, '2022-01-01', 1, '2022-01-04 03:22:17', '2022-02-02 04:55:39'),
(157, 'INV/00891', 7, '2022-01-01', 1, '2022-01-04 03:22:17', '2022-02-02 04:55:44'),
(158, 'INV/00543', 8, '2022-01-01', 1, '2022-01-04 03:22:17', '2022-02-02 04:55:46'),
(159, 'INV/00521', 9, '2022-01-01', 1, '2022-01-04 03:22:17', '2022-02-02 04:55:49'),
(160, 'INV/007009', 10, '2022-01-01', 1, '2022-01-04 03:22:17', '2022-02-02 04:55:51'),
(161, 'INV/00770', 11, '2022-01-01', 1, '2022-01-04 03:22:17', '2022-02-02 04:55:55'),
(162, 'INV/005938', 12, '2022-01-01', 1, '2022-01-04 03:22:17', '2022-02-02 04:55:59'),
(163, 'INV/004922', 13, '2022-01-01', 1, '2022-01-04 03:22:17', '2022-02-02 04:56:03'),
(164, 'INV/004838', 14, '2022-01-01', 1, '2022-01-04 03:22:17', '2022-02-02 04:56:06'),
(165, 'INV/008158', 15, '2022-01-01', 1, '2022-01-04 03:22:17', '2022-02-02 04:56:10'),
(166, 'INV/00241', 16, '2022-01-01', 1, '2022-01-04 03:22:17', '2022-01-04 03:44:20'),
(167, 'INV/001369', 17, '2022-01-01', 1, '2022-01-04 03:22:17', '2022-02-02 04:56:13'),
(168, 'INV/005836', 18, '2022-01-01', 1, '2022-01-04 03:22:17', '2022-02-02 04:56:16'),
(169, 'INV/006423', 19, '2022-01-01', 1, '2022-01-04 03:22:17', '2022-02-02 04:56:19'),
(170, 'INV/005828', 20, '2022-01-01', 1, '2022-01-04 03:22:17', '2022-02-02 04:56:22'),
(171, 'INV/004189', 21, '2022-01-01', 1, '2022-01-04 03:22:17', '2022-01-04 03:23:10'),
(172, 'INV/008487', 22, '2022-01-01', 1, '2022-01-04 03:22:17', '2022-01-04 03:22:54'),
(173, 'INV/007417', 23, '2022-01-01', 1, '2022-01-04 03:22:17', '2022-01-04 03:29:20'),
(174, 'INV/001965', 24, '2022-01-01', 1, '2022-01-04 03:22:17', '2022-01-04 03:23:03'),
(175, 'INV/002374', 25, '2022-01-01', 1, '2022-01-04 03:22:17', '2022-02-02 04:56:26'),
(176, 'INV/002304', 26, '2022-01-01', 1, '2022-01-04 03:22:17', '2022-01-04 03:22:42'),
(177, 'INV/005008', 27, '2022-01-01', 1, '2022-01-04 03:22:17', '2022-02-02 04:56:30'),
(178, 'INV/001134', 28, '2022-01-01', 1, '2022-01-04 03:22:17', '2022-02-02 04:56:33'),
(179, 'INV/006702', 29, '2022-01-01', 1, '2022-01-04 03:22:17', '2022-02-02 04:56:36'),
(180, 'INV/009096', 1, '2022-02-01', 1, '2022-02-02 05:09:23', '2022-03-04 04:03:12'),
(181, 'INV/002815', 2, '2022-02-01', 1, '2022-02-02 05:09:23', '2022-03-04 04:03:17'),
(182, 'INV/008966', 3, '2022-02-01', 1, '2022-02-02 05:09:23', '2022-02-11 06:12:09'),
(183, 'INV/003089', 4, '2022-02-01', 1, '2022-02-02 05:09:23', '2022-03-04 04:03:27'),
(184, 'INV/001573', 5, '2022-02-01', 1, '2022-02-02 05:09:23', '2022-03-04 04:03:30'),
(185, 'INV/008129', 6, '2022-02-01', 1, '2022-02-02 05:09:23', '2022-03-04 04:03:33'),
(186, 'INV/009818', 7, '2022-02-01', 1, '2022-02-02 05:09:23', '2022-02-11 06:12:18'),
(187, 'INV/004058', 8, '2022-02-01', 1, '2022-02-02 05:09:23', '2022-03-04 04:03:36'),
(188, 'INV/002296', 9, '2022-02-01', 1, '2022-02-02 05:09:23', '2022-03-04 04:03:38'),
(189, 'INV/001350', 10, '2022-02-01', 1, '2022-02-02 05:09:23', '2022-03-04 04:03:41'),
(190, 'INV/00774', 11, '2022-02-01', 1, '2022-02-02 05:09:23', '2022-02-11 06:12:49'),
(191, 'INV/005141', 12, '2022-02-01', 1, '2022-02-02 05:09:23', '2022-03-04 04:03:45'),
(192, 'INV/004266', 13, '2022-02-01', 1, '2022-02-02 05:09:23', '2022-03-04 04:03:49'),
(193, 'INV/004826', 14, '2022-02-01', 1, '2022-02-02 05:09:23', '2022-03-04 04:03:53'),
(194, 'INV/002212', 15, '2022-02-01', 1, '2022-02-02 05:09:23', '2022-03-04 04:03:57'),
(195, 'INV/003072', 16, '2022-02-01', 1, '2022-02-02 05:09:23', '2022-03-04 04:04:00'),
(196, 'INV/004737', 17, '2022-02-01', 1, '2022-02-02 05:09:23', '2022-03-04 04:04:03'),
(197, 'INV/00530', 18, '2022-02-01', 1, '2022-02-02 05:09:23', '2022-03-04 04:04:07'),
(198, 'INV/001537', 19, '2022-02-01', 1, '2022-02-02 05:09:23', '2022-03-04 04:04:10'),
(199, 'INV/005264', 20, '2022-02-01', 1, '2022-02-02 05:09:23', '2022-03-04 04:04:13'),
(200, 'INV/008672', 21, '2022-02-01', 1, '2022-02-02 05:09:23', '2022-03-04 04:04:17'),
(201, 'INV/004874', 22, '2022-02-01', 1, '2022-02-02 05:09:23', '2022-02-02 05:09:39'),
(202, 'INV/002644', 23, '2022-02-01', 1, '2022-02-02 05:09:23', '2022-03-04 04:04:20'),
(203, 'INV/005965', 24, '2022-02-01', 1, '2022-02-02 05:09:23', '2022-02-06 01:43:18'),
(204, 'INV/005955', 25, '2022-02-01', 1, '2022-02-02 05:09:23', '2022-03-04 04:04:23'),
(205, 'INV/004759', 26, '2022-02-01', 1, '2022-02-02 05:09:23', '2022-02-06 01:47:37'),
(206, 'INV/001145', 27, '2022-02-01', 1, '2022-02-02 05:09:23', '2022-02-11 06:12:27'),
(207, 'INV/004528', 28, '2022-02-01', 1, '2022-02-02 05:09:23', '2022-02-06 01:43:06'),
(208, 'INV/006468', 29, '2022-02-01', 1, '2022-02-02 05:09:23', '2022-03-04 04:04:27'),
(209, 'INV/007120', 30, '2022-02-01', 1, '2022-02-02 05:09:23', '2022-03-04 04:04:30'),
(210, 'INV/003661', 31, '2022-02-01', 1, '2022-02-02 05:09:23', '2022-03-04 04:04:33'),
(211, 'INV/008324', 32, '2022-02-01', 1, '2022-02-02 05:09:23', '2022-03-04 04:04:37'),
(212, 'INV/00993', 1, '2022-03-01', 1, '2022-03-04 04:08:17', '2022-04-02 14:37:57'),
(213, 'INV/004961', 2, '2022-03-01', 1, '2022-03-04 04:08:17', '2022-04-02 14:38:01'),
(214, 'INV/005489', 3, '2022-03-01', 1, '2022-03-04 04:08:17', '2022-04-02 14:38:06'),
(215, 'INV/004109', 4, '2022-03-01', 1, '2022-03-04 04:08:17', '2022-04-02 14:38:08'),
(216, 'INV/004653', 5, '2022-03-01', 1, '2022-03-04 04:08:17', '2022-04-02 14:38:12'),
(217, 'INV/003468', 6, '2022-03-01', 1, '2022-03-04 04:08:17', '2022-04-02 14:38:14'),
(218, 'INV/001787', 7, '2022-03-01', 1, '2022-03-04 04:08:17', '2022-04-02 14:38:17'),
(219, 'INV/004298', 8, '2022-03-01', 1, '2022-03-04 04:08:17', '2022-04-02 14:38:21'),
(220, 'INV/002181', 9, '2022-03-01', 1, '2022-03-04 04:08:17', '2022-04-02 14:38:25'),
(221, 'INV/007114', 10, '2022-03-01', 1, '2022-03-04 04:08:17', '2022-04-02 14:38:28'),
(222, 'INV/003600', 11, '2022-03-01', 1, '2022-03-04 04:08:17', '2022-04-02 14:38:34'),
(223, 'INV/002022', 12, '2022-03-01', 1, '2022-03-04 04:08:17', '2022-03-04 04:31:10'),
(224, 'INV/003893', 13, '2022-03-01', 1, '2022-03-04 04:08:17', '2022-04-02 14:38:39'),
(225, 'INV/008404', 14, '2022-03-01', 1, '2022-03-04 04:08:17', '2022-03-04 04:31:20'),
(226, 'INV/002493', 15, '2022-03-01', 1, '2022-03-04 04:08:17', '2022-04-02 14:38:44'),
(227, 'INV/001599', 16, '2022-03-01', 1, '2022-03-04 04:08:17', '2022-04-02 14:38:48'),
(228, 'INV/009333', 17, '2022-03-01', 1, '2022-03-04 04:08:17', '2022-04-02 14:38:56'),
(229, 'INV/005986', 18, '2022-03-01', 1, '2022-03-04 04:08:17', '2022-04-02 14:39:02'),
(230, 'INV/006032', 19, '2022-03-01', 1, '2022-03-04 04:08:17', '2022-05-03 16:54:31'),
(231, 'INV/005660', 20, '2022-03-01', 1, '2022-03-04 04:08:17', '2022-04-02 14:39:07'),
(232, 'INV/002035', 21, '2022-03-01', 1, '2022-03-04 04:08:17', '2022-04-02 14:39:13'),
(233, 'INV/002852', 22, '2022-03-01', 1, '2022-03-04 04:08:17', '2022-03-04 04:11:51'),
(234, 'INV/003642', 23, '2022-03-01', 1, '2022-03-04 04:08:17', '2022-05-03 16:54:38'),
(235, 'INV/00871', 24, '2022-03-01', 1, '2022-03-04 04:08:17', '2022-04-02 14:39:23'),
(236, 'INV/001185', 25, '2022-03-01', 1, '2022-03-04 04:08:17', '2022-04-02 14:39:28'),
(237, 'INV/004090', 26, '2022-03-01', 1, '2022-03-04 04:08:17', '2022-03-04 04:12:28'),
(238, 'INV/004269', 27, '2022-03-01', 1, '2022-03-04 04:08:17', '2022-04-02 14:39:34'),
(239, 'INV/004730', 28, '2022-03-01', 1, '2022-03-04 04:08:17', '2022-04-02 14:39:40'),
(240, 'INV/002848', 29, '2022-03-01', 1, '2022-03-04 04:08:17', '2022-03-04 04:31:27'),
(241, 'INV/008921', 30, '2022-03-01', 1, '2022-03-04 04:08:17', '2022-04-02 14:39:37'),
(242, 'INV/007012', 31, '2022-03-01', 1, '2022-03-04 04:08:17', '2022-05-03 16:54:46'),
(243, 'INV/003947', 32, '2022-03-01', 1, '2022-03-04 04:08:17', '2022-03-04 04:31:38'),
(244, 'INV/001438', 33, '2022-03-01', 1, '2022-03-04 04:08:17', '2022-04-02 14:39:45'),
(245, 'INV/007268', 1, '2022-04-01', 1, '2022-04-02 14:43:54', '2022-05-03 16:36:44'),
(246, 'INV/008101', 2, '2022-04-01', 1, '2022-04-02 14:43:54', '2022-05-03 16:36:48'),
(247, 'INV/006745', 3, '2022-04-01', 1, '2022-04-02 14:43:54', '2022-04-02 17:03:46'),
(248, 'INV/009215', 4, '2022-04-01', 1, '2022-04-02 14:43:54', '2022-05-03 16:39:37'),
(249, 'INV/008722', 5, '2022-04-01', 1, '2022-04-02 14:43:54', '2022-04-02 17:03:55'),
(250, 'INV/00536', 6, '2022-04-01', 1, '2022-04-02 14:43:54', '2022-05-03 16:39:40'),
(251, 'INV/009935', 7, '2022-04-01', 1, '2022-04-02 14:43:54', '2022-05-03 16:39:42'),
(252, 'INV/009615', 8, '2022-04-01', 1, '2022-04-02 14:43:54', '2022-05-03 16:39:45'),
(253, 'INV/008062', 9, '2022-04-01', 1, '2022-04-02 14:43:54', '2022-05-03 16:39:48'),
(254, 'INV/004869', 10, '2022-04-01', 1, '2022-04-02 14:43:54', '2022-05-03 16:39:50'),
(255, 'INV/001551', 11, '2022-04-01', 1, '2022-04-02 14:43:54', '2022-04-02 14:44:28'),
(256, 'INV/007169', 12, '2022-04-01', 1, '2022-04-02 14:43:54', '2022-05-03 16:39:54'),
(257, 'INV/007462', 13, '2022-04-01', 1, '2022-04-02 14:43:54', '2022-05-03 16:39:58'),
(258, 'INV/00446', 14, '2022-04-01', 1, '2022-04-02 14:43:54', '2022-05-03 16:40:02'),
(259, 'INV/004081', 15, '2022-04-01', 1, '2022-04-02 14:43:54', '2022-05-03 16:40:06'),
(260, 'INV/007604', 16, '2022-04-01', 1, '2022-04-02 14:43:54', '2022-05-03 16:40:09'),
(261, 'INV/001627', 17, '2022-04-01', 1, '2022-04-02 14:43:54', '2022-05-03 16:40:12'),
(262, 'INV/008388', 18, '2022-04-01', 1, '2022-04-02 14:43:54', '2022-05-03 16:40:15'),
(263, 'INV/001222', 19, '2022-04-01', 1, '2022-04-02 14:43:54', '2022-05-03 16:40:18'),
(264, 'INV/008162', 20, '2022-04-01', 1, '2022-04-02 14:43:54', '2022-05-03 16:40:21'),
(265, 'INV/005420', 21, '2022-04-01', 1, '2022-04-02 14:43:54', '2022-04-02 14:44:52'),
(266, 'INV/001546', 22, '2022-04-01', 1, '2022-04-02 14:43:54', '2022-04-02 14:45:03'),
(267, 'INV/003249', 23, '2022-04-01', 1, '2022-04-02 14:43:54', '2022-05-03 16:40:25'),
(268, 'INV/006453', 24, '2022-04-01', 1, '2022-04-02 14:43:54', '2022-05-03 16:40:28'),
(269, 'INV/005345', 25, '2022-04-01', 1, '2022-04-02 14:43:54', '2022-05-03 16:40:32'),
(270, 'INV/007093', 26, '2022-04-01', 1, '2022-04-02 14:43:54', '2022-05-03 16:40:35'),
(271, 'INV/001445', 27, '2022-04-01', 1, '2022-04-02 14:43:54', '2022-05-03 16:40:38'),
(272, 'INV/001332', 28, '2022-04-01', 1, '2022-04-02 14:43:54', '2022-05-03 16:40:41'),
(273, 'INV/009654', 29, '2022-04-01', 1, '2022-04-02 14:43:54', '2022-05-03 16:40:44'),
(274, 'INV/00510', 30, '2022-04-01', 1, '2022-04-02 14:43:54', '2022-05-03 16:40:47'),
(275, 'INV/005965', 31, '2022-04-01', 1, '2022-04-02 14:43:54', '2022-05-03 16:40:51'),
(276, 'INV/002702', 32, '2022-04-01', 1, '2022-04-02 14:43:54', '2022-05-03 16:40:55'),
(277, 'INV/003075', 33, '2022-04-01', 1, '2022-04-02 14:43:54', '2022-05-03 16:40:59'),
(278, 'INV/008657', 34, '2022-04-01', 1, '2022-04-02 14:43:54', '2022-04-02 17:03:33'),
(279, 'INV/003187', 1, '2022-05-01', 1, '2022-05-03 15:54:52', '2022-05-11 03:51:05'),
(280, 'INV/001924', 2, '2022-05-01', 1, '2022-05-03 15:54:52', '2022-06-09 14:26:02'),
(281, 'INV/009165', 3, '2022-05-01', 1, '2022-05-03 15:54:52', '2022-05-11 03:51:09'),
(282, 'INV/002908', 4, '2022-05-01', 1, '2022-05-03 15:54:52', '2022-06-09 14:26:06'),
(283, 'INV/001756', 5, '2022-05-01', 1, '2022-05-03 15:54:52', '2022-06-09 14:26:11'),
(284, 'INV/008503', 6, '2022-05-01', 1, '2022-05-03 15:54:52', '2022-06-09 14:26:14'),
(285, 'INV/003144', 7, '2022-05-01', 1, '2022-05-03 15:54:52', '2022-05-11 03:51:45'),
(286, 'INV/00991', 8, '2022-05-01', 1, '2022-05-03 15:54:52', '2022-06-09 14:26:16'),
(287, 'INV/002865', 9, '2022-05-01', 1, '2022-05-03 15:54:52', '2022-06-09 14:26:19'),
(288, 'INV/002823', 10, '2022-05-01', 1, '2022-05-03 15:54:52', '2022-06-09 14:26:22'),
(289, 'INV/007286', 11, '2022-05-01', 1, '2022-05-03 15:54:52', '2022-06-09 14:26:27'),
(290, 'INV/007221', 12, '2022-05-01', 1, '2022-05-03 15:54:52', '2022-06-09 14:26:31'),
(291, 'INV/006464', 13, '2022-05-01', 1, '2022-05-03 15:54:52', '2022-06-09 14:26:35'),
(292, 'INV/005512', 14, '2022-05-01', 1, '2022-05-03 15:54:52', '2022-06-09 14:26:38'),
(293, 'INV/006398', 15, '2022-05-01', 1, '2022-05-03 15:54:52', '2022-06-09 14:26:41'),
(294, 'INV/004676', 16, '2022-05-01', 1, '2022-05-03 15:54:52', '2022-06-09 14:26:45'),
(295, 'INV/001139', 17, '2022-05-01', 1, '2022-05-03 15:54:52', '2022-06-09 14:26:48'),
(296, 'INV/003597', 18, '2022-05-01', 1, '2022-05-03 15:54:52', '2022-06-09 14:26:51'),
(297, 'INV/006757', 19, '2022-05-01', 1, '2022-05-03 15:54:52', '2022-06-09 14:26:55'),
(298, 'INV/008887', 20, '2022-05-01', 1, '2022-05-03 15:54:52', '2022-06-09 14:26:58'),
(299, 'INV/006127', 21, '2022-05-01', 1, '2022-05-03 15:54:52', '2022-06-09 14:27:09'),
(300, 'INV/004034', 22, '2022-05-01', 1, '2022-05-03 15:54:52', '2022-05-03 16:41:47'),
(301, 'INV/002187', 23, '2022-05-01', 1, '2022-05-03 15:54:52', '2022-06-09 14:27:14'),
(302, 'INV/003051', 24, '2022-05-01', 1, '2022-05-03 15:54:52', '2022-05-11 04:08:58'),
(303, 'INV/003887', 25, '2022-05-01', 1, '2022-05-03 15:54:52', '2022-05-11 04:09:05'),
(304, 'INV/007671', 26, '2022-05-01', 1, '2022-05-03 15:54:52', '2022-05-03 16:54:04'),
(305, 'INV/001237', 27, '2022-05-01', 1, '2022-05-03 15:54:52', '2022-05-11 04:09:35'),
(306, 'INV/001018', 28, '2022-05-01', 1, '2022-05-03 15:54:52', '2022-05-03 16:41:38'),
(307, 'INV/006827', 29, '2022-05-01', 1, '2022-05-03 15:54:52', '2022-06-09 14:27:17'),
(308, 'INV/00708', 30, '2022-05-01', 1, '2022-05-03 15:54:52', '2022-06-09 14:27:20'),
(309, 'INV/007759', 31, '2022-05-01', 1, '2022-05-03 15:54:52', '2022-05-11 04:10:27'),
(310, 'INV/006757', 32, '2022-05-01', 1, '2022-05-03 15:54:52', '2022-06-09 14:27:24'),
(311, 'INV/009373', 33, '2022-05-01', 1, '2022-05-03 15:54:52', '2022-06-09 14:27:28'),
(312, 'INV/007404', 34, '2022-05-01', 1, '2022-05-03 15:54:52', '2022-05-11 04:10:57'),
(313, 'INV/004354', 1, '2022-06-01', 1, '2022-06-09 14:27:45', '2022-06-09 15:05:18'),
(314, 'INV/009314', 2, '2022-06-01', 1, '2022-06-09 14:27:45', '2022-07-04 19:36:18'),
(315, 'INV/00376', 3, '2022-06-01', 1, '2022-06-09 14:27:45', '2022-07-04 19:36:24'),
(316, 'INV/004175', 4, '2022-06-01', 1, '2022-06-09 14:27:45', '2022-07-04 19:36:28'),
(317, 'INV/009802', 5, '2022-06-01', 1, '2022-06-09 14:27:45', '2022-06-09 15:25:17'),
(318, 'INV/003253', 6, '2022-06-01', 1, '2022-06-09 14:27:45', '2022-06-09 14:34:05'),
(319, 'INV/00159', 7, '2022-06-01', 1, '2022-06-09 14:27:45', '2022-06-09 14:34:02'),
(320, 'INV/008129', 8, '2022-06-01', 1, '2022-06-09 14:27:45', '2022-07-04 19:36:32'),
(321, 'INV/00267', 9, '2022-06-01', 1, '2022-06-09 14:27:45', '2022-07-04 19:36:37'),
(322, 'INV/004739', 10, '2022-06-01', 1, '2022-06-09 14:27:45', '2022-07-04 19:36:44'),
(323, 'INV/003645', 11, '2022-06-01', 1, '2022-06-09 14:27:45', '2022-07-04 19:36:53'),
(324, 'INV/008098', 12, '2022-06-01', 1, '2022-06-09 14:27:45', '2022-07-04 19:36:59'),
(325, 'INV/003459', 13, '2022-06-01', 1, '2022-06-09 14:27:45', '2022-07-04 19:37:05'),
(326, 'INV/00972', 14, '2022-06-01', 1, '2022-06-09 14:27:45', '2022-07-04 19:37:10'),
(327, 'INV/002547', 15, '2022-06-01', 1, '2022-06-09 14:27:45', '2022-07-04 19:37:14'),
(328, 'INV/00689', 16, '2022-06-01', 1, '2022-06-09 14:27:45', '2022-06-09 15:01:53'),
(329, 'INV/006133', 17, '2022-06-01', 1, '2022-06-09 14:27:45', '2022-07-04 19:37:18'),
(330, 'INV/006901', 18, '2022-06-01', 1, '2022-06-09 14:27:45', '2022-07-04 19:37:23'),
(331, 'INV/006812', 19, '2022-06-01', 1, '2022-06-09 14:27:45', '2022-07-04 19:37:28'),
(332, 'INV/005068', 20, '2022-06-01', 1, '2022-06-09 14:27:45', '2022-07-04 19:37:32'),
(333, 'INV/005596', 21, '2022-06-01', 1, '2022-06-09 14:27:45', '2022-07-04 19:37:37'),
(334, 'INV/008536', 22, '2022-06-01', 1, '2022-06-09 14:27:45', '2022-06-09 14:33:46'),
(335, 'INV/009319', 23, '2022-06-01', 1, '2022-06-09 14:27:45', '2022-07-04 19:37:42'),
(336, 'INV/001845', 24, '2022-06-01', 1, '2022-06-09 14:27:45', '2022-06-09 14:33:56'),
(337, 'INV/001420', 25, '2022-06-01', 1, '2022-06-09 14:27:45', '2022-07-04 19:37:46'),
(338, 'INV/004650', 26, '2022-06-01', 1, '2022-06-09 14:27:45', '2022-07-04 19:37:50'),
(339, 'INV/006233', 27, '2022-06-01', 1, '2022-06-09 14:27:45', '2022-07-04 19:37:54'),
(340, 'INV/006552', 28, '2022-06-01', 1, '2022-06-09 14:27:45', '2022-06-09 14:50:58'),
(341, 'INV/004383', 29, '2022-06-01', 1, '2022-06-09 14:27:45', '2022-07-04 19:37:58'),
(342, 'INV/007420', 30, '2022-06-01', 1, '2022-06-09 14:27:45', '2022-07-04 19:38:02'),
(343, 'INV/003511', 31, '2022-06-01', 1, '2022-06-09 14:27:45', '2022-07-04 19:38:10'),
(344, 'INV/005622', 32, '2022-06-01', 1, '2022-06-09 14:27:45', '2022-07-04 19:38:15'),
(345, 'INV/006753', 33, '2022-06-01', 1, '2022-06-09 14:27:45', '2022-07-04 19:38:19'),
(346, 'INV/005425', 34, '2022-06-01', 1, '2022-06-09 14:27:45', '2022-06-09 14:33:12'),
(347, 'INV/007385', 35, '2022-06-01', 1, '2022-06-09 14:27:45', '2022-06-09 14:33:07'),
(348, 'INV/001842', 36, '2022-06-01', 1, '2022-06-09 14:27:45', '2022-07-04 19:38:23'),
(349, 'INV/00273', 1, '2022-07-01', 1, '2022-07-04 19:38:40', '2022-08-10 06:25:29'),
(350, 'INV/002157', 2, '2022-07-01', 1, '2022-07-04 19:38:40', '2022-08-10 06:25:33'),
(351, 'INV/008070', 3, '2022-07-01', 1, '2022-07-04 19:38:40', '2022-07-05 06:19:37'),
(352, 'INV/007207', 4, '2022-07-01', 1, '2022-07-04 19:38:40', '2022-08-10 06:25:36'),
(353, 'INV/003143', 5, '2022-07-01', 1, '2022-07-04 19:38:40', '2022-07-05 04:41:57'),
(354, 'INV/003142', 6, '2022-07-01', 1, '2022-07-04 19:38:40', '2022-08-10 06:25:39'),
(355, 'INV/004403', 7, '2022-07-01', 1, '2022-07-04 19:38:40', '2022-07-04 19:39:08'),
(356, 'INV/005904', 8, '2022-07-01', 1, '2022-07-04 19:38:40', '2022-08-10 06:25:41'),
(357, 'INV/005558', 9, '2022-07-01', 1, '2022-07-04 19:38:40', '2022-08-10 06:25:45'),
(358, 'INV/002939', 10, '2022-07-01', 1, '2022-07-04 19:38:40', '2022-08-10 06:25:48'),
(359, 'INV/002367', 11, '2022-07-01', 1, '2022-07-04 19:38:40', '2022-07-05 04:42:27'),
(360, 'INV/001721', 12, '2022-07-01', 1, '2022-07-04 19:38:40', '2022-07-05 04:42:44'),
(361, 'INV/003202', 13, '2022-07-01', 1, '2022-07-04 19:38:40', '2022-08-10 06:25:53'),
(362, 'INV/006050', 14, '2022-07-01', 1, '2022-07-04 19:38:40', '2022-07-05 04:42:49'),
(363, 'INV/003337', 15, '2022-07-01', 1, '2022-07-04 19:38:40', '2022-08-10 06:25:58'),
(364, 'INV/008466', 16, '2022-07-01', 1, '2022-07-04 19:38:40', '2022-07-04 19:39:20'),
(365, 'INV/008056', 17, '2022-07-01', 1, '2022-07-04 19:38:40', '2022-08-10 06:26:01'),
(366, 'INV/006559', 18, '2022-07-01', 1, '2022-07-04 19:38:40', '2022-08-10 06:26:05'),
(367, 'INV/005597', 19, '2022-07-01', 1, '2022-07-04 19:38:40', '2022-08-10 06:26:08'),
(368, 'INV/009141', 20, '2022-07-01', 1, '2022-07-04 19:38:40', '2022-08-10 06:26:11'),
(369, 'INV/004394', 21, '2022-07-01', 1, '2022-07-04 19:38:40', '2022-08-10 06:26:17'),
(370, 'INV/009016', 22, '2022-07-01', 1, '2022-07-04 19:38:40', '2022-07-04 19:39:31'),
(371, 'INV/007221', 23, '2022-07-01', 1, '2022-07-04 19:38:40', '2022-08-10 06:26:21'),
(372, 'INV/007110', 24, '2022-07-01', 1, '2022-07-04 19:38:40', '2022-07-04 19:39:36'),
(373, 'INV/005790', 25, '2022-07-01', 1, '2022-07-04 19:38:40', '2022-08-10 06:26:25'),
(374, 'INV/006968', 26, '2022-07-01', 1, '2022-07-04 19:38:40', '2022-07-04 19:44:09'),
(375, 'INV/00596', 27, '2022-07-01', 1, '2022-07-04 19:38:40', '2022-08-10 06:26:29'),
(376, 'INV/006853', 28, '2022-07-01', 1, '2022-07-04 19:38:40', '2022-07-05 04:41:49'),
(377, 'INV/001237', 29, '2022-07-01', 1, '2022-07-04 19:38:40', '2022-07-05 04:42:58'),
(378, 'INV/001399', 30, '2022-07-01', 1, '2022-07-04 19:38:40', '2022-08-10 06:26:32'),
(379, 'INV/001961', 31, '2022-07-01', 1, '2022-07-04 19:38:40', '2022-08-10 06:26:37'),
(380, 'INV/001347', 32, '2022-07-01', 1, '2022-07-04 19:38:40', '2022-07-05 04:43:08'),
(381, 'INV/007542', 33, '2022-07-01', 1, '2022-07-04 19:38:40', '2022-08-10 06:26:41'),
(382, 'INV/005987', 34, '2022-07-01', 1, '2022-07-04 19:38:40', '2022-07-04 19:39:59'),
(383, 'INV/004838', 35, '2022-07-01', 1, '2022-07-04 19:38:40', '2022-07-04 19:39:50'),
(384, 'INV/005020', 36, '2022-07-01', 1, '2022-07-04 19:38:40', '2022-08-10 06:26:45'),
(385, 'INV/007297', 1, '2022-08-01', 1, '2022-08-10 06:27:07', '2022-08-10 06:55:34'),
(386, 'INV/005680', 2, '2022-08-01', 1, '2022-08-10 06:27:07', '2022-09-06 06:30:37'),
(387, 'INV/002492', 3, '2022-08-01', 1, '2022-08-10 06:27:07', '2022-08-10 06:55:31'),
(388, 'INV/005474', 4, '2022-08-01', 1, '2022-08-10 06:27:07', '2022-09-06 06:30:41'),
(389, 'INV/00533', 5, '2022-08-01', 1, '2022-08-10 06:27:07', '2022-09-06 06:30:54'),
(390, 'INV/008030', 6, '2022-08-01', 1, '2022-08-10 06:27:07', '2022-09-06 06:30:58'),
(391, 'INV/002279', 7, '2022-08-01', 1, '2022-08-10 06:27:07', '2022-09-06 06:31:01'),
(392, 'INV/009720', 8, '2022-08-01', 1, '2022-08-10 06:27:07', '2022-09-06 06:31:04'),
(393, 'INV/003577', 9, '2022-08-01', 1, '2022-08-10 06:27:07', '2022-09-06 06:31:08'),
(394, 'INV/002123', 10, '2022-08-01', 1, '2022-08-10 06:27:07', '2022-09-06 06:31:13'),
(395, 'INV/003311', 11, '2022-08-01', 1, '2022-08-10 06:27:07', '2022-08-10 06:55:18'),
(396, 'INV/002569', 12, '2022-08-01', 1, '2022-08-10 06:27:07', '2022-09-06 06:31:18'),
(397, 'INV/00315', 13, '2022-08-01', 1, '2022-08-10 06:27:07', '2022-09-06 06:31:23'),
(398, 'INV/001824', 14, '2022-08-01', 1, '2022-08-10 06:27:07', '2022-09-06 06:31:27'),
(399, 'INV/005492', 15, '2022-08-01', 1, '2022-08-10 06:27:07', '2022-08-10 06:28:13'),
(400, 'INV/00767', 16, '2022-08-01', 1, '2022-08-10 06:27:07', '2022-09-06 06:31:33'),
(401, 'INV/009341', 17, '2022-08-01', 1, '2022-08-10 06:27:07', '2022-09-06 06:31:37'),
(402, 'INV/007032', 18, '2022-08-01', 1, '2022-08-10 06:27:07', '2022-09-06 06:31:41'),
(403, 'INV/00145', 19, '2022-08-01', 0, '2022-08-10 06:27:07', '2022-08-10 06:27:07'),
(404, 'INV/001369', 20, '2022-08-01', 1, '2022-08-10 06:27:07', '2022-09-06 06:31:46'),
(405, 'INV/00792', 21, '2022-08-01', 1, '2022-08-10 06:27:07', '2022-09-06 06:31:51'),
(406, 'INV/005030', 22, '2022-08-01', 1, '2022-08-10 06:27:07', '2022-08-10 06:28:02'),
(407, 'INV/003263', 23, '2022-08-01', 1, '2022-08-10 06:27:07', '2022-09-06 06:31:55'),
(408, 'INV/005003', 24, '2022-08-01', 1, '2022-08-10 06:27:07', '2022-08-10 06:27:55'),
(409, 'INV/00915', 25, '2022-08-01', 1, '2022-08-10 06:27:07', '2022-09-06 06:31:58'),
(410, 'INV/005945', 26, '2022-08-01', 1, '2022-08-10 06:27:07', '2022-08-10 15:03:54'),
(411, 'INV/002348', 27, '2022-08-01', 1, '2022-08-10 06:27:07', '2022-09-06 06:32:03'),
(412, 'INV/002320', 28, '2022-08-01', 1, '2022-08-10 06:27:07', '2022-08-10 06:27:48'),
(413, 'INV/00872', 29, '2022-08-01', 1, '2022-08-10 06:27:07', '2022-09-06 06:32:06'),
(414, 'INV/008704', 30, '2022-08-01', 1, '2022-08-10 06:27:07', '2022-08-10 06:27:44'),
(415, 'INV/006240', 31, '2022-08-01', 1, '2022-08-10 06:27:07', '2022-09-06 06:32:11'),
(416, 'INV/005961', 32, '2022-08-01', 1, '2022-08-10 06:27:07', '2022-09-06 06:32:15'),
(417, 'INV/008035', 33, '2022-08-01', 1, '2022-08-10 06:27:07', '2022-09-06 06:32:21'),
(418, 'INV/002454', 34, '2022-08-01', 1, '2022-08-10 06:27:07', '2022-08-10 06:27:34'),
(419, 'INV/00784', 35, '2022-08-01', 1, '2022-08-10 06:27:07', '2022-08-10 06:27:25'),
(420, 'INV/001757', 36, '2022-08-01', 1, '2022-08-10 06:27:07', '2022-08-10 06:27:30'),
(421, 'INV/001467', 1, '2022-09-01', 0, '2022-09-06 06:32:28', '2022-09-06 06:32:28'),
(422, 'INV/002149', 2, '2022-09-01', 0, '2022-09-06 06:32:28', '2022-09-06 06:32:28'),
(423, 'INV/004389', 3, '2022-09-01', 0, '2022-09-06 06:32:28', '2022-09-06 06:32:28'),
(424, 'INV/005811', 4, '2022-09-01', 0, '2022-09-06 06:32:28', '2022-09-06 06:32:28'),
(425, 'INV/008720', 5, '2022-09-01', 0, '2022-09-06 06:32:28', '2022-09-06 06:32:28'),
(426, 'INV/001610', 6, '2022-09-01', 0, '2022-09-06 06:32:28', '2022-09-06 06:32:28'),
(427, 'INV/007546', 7, '2022-09-01', 0, '2022-09-06 06:32:28', '2022-09-06 06:32:28'),
(428, 'INV/007920', 8, '2022-09-01', 0, '2022-09-06 06:32:28', '2022-09-06 06:32:28'),
(429, 'INV/005216', 9, '2022-09-01', 0, '2022-09-06 06:32:28', '2022-09-06 06:32:28'),
(430, 'INV/006816', 10, '2022-09-01', 0, '2022-09-06 06:32:28', '2022-09-06 06:32:28'),
(431, 'INV/003070', 11, '2022-09-01', 1, '2022-09-06 06:32:28', '2022-09-06 06:33:40'),
(432, 'INV/00892', 12, '2022-09-01', 0, '2022-09-06 06:32:28', '2022-09-06 06:32:28'),
(433, 'INV/002274', 13, '2022-09-01', 0, '2022-09-06 06:32:28', '2022-09-06 06:32:28'),
(434, 'INV/009343', 14, '2022-09-01', 0, '2022-09-06 06:32:28', '2022-09-06 06:32:28'),
(435, 'INV/00982', 15, '2022-09-01', 0, '2022-09-06 06:32:28', '2022-09-06 06:32:28'),
(436, 'INV/009975', 16, '2022-09-01', 0, '2022-09-06 06:32:28', '2022-09-06 06:32:28'),
(437, 'INV/009193', 17, '2022-09-01', 0, '2022-09-06 06:32:28', '2022-09-06 06:32:28'),
(438, 'INV/002723', 18, '2022-09-01', 0, '2022-09-06 06:32:28', '2022-09-06 06:32:28'),
(439, 'INV/001811', 19, '2022-09-01', 0, '2022-09-06 06:32:28', '2022-09-06 06:32:28'),
(440, 'INV/002600', 20, '2022-09-01', 0, '2022-09-06 06:32:28', '2022-09-06 06:32:28'),
(441, 'INV/006935', 21, '2022-09-01', 0, '2022-09-06 06:32:28', '2022-09-06 06:32:28'),
(442, 'INV/003181', 22, '2022-09-01', 1, '2022-09-06 06:32:28', '2022-09-06 06:33:09'),
(443, 'INV/006700', 23, '2022-09-01', 0, '2022-09-06 06:32:28', '2022-09-06 06:32:28'),
(444, 'INV/006955', 24, '2022-09-01', 1, '2022-09-06 06:32:28', '2022-09-06 06:33:15'),
(445, 'INV/003303', 25, '2022-09-01', 0, '2022-09-06 06:32:28', '2022-09-06 06:32:28'),
(446, 'INV/003741', 26, '2022-09-01', 1, '2022-09-06 06:32:28', '2022-09-06 06:33:23'),
(447, 'INV/002804', 27, '2022-09-01', 0, '2022-09-06 06:32:28', '2022-09-06 06:32:28'),
(448, 'INV/001833', 28, '2022-09-01', 0, '2022-09-06 06:32:28', '2022-09-06 06:32:28'),
(449, 'INV/003929', 29, '2022-09-01', 0, '2022-09-06 06:32:28', '2022-09-06 06:32:28'),
(450, 'INV/007666', 30, '2022-09-01', 0, '2022-09-06 06:32:28', '2022-09-06 06:32:28'),
(451, 'INV/00281', 31, '2022-09-01', 0, '2022-09-06 06:32:28', '2022-09-06 06:32:28'),
(452, 'INV/009509', 32, '2022-09-01', 0, '2022-09-06 06:32:28', '2022-09-06 06:32:28'),
(453, 'INV/00345', 33, '2022-09-01', 0, '2022-09-06 06:32:28', '2022-09-06 06:32:28'),
(454, 'INV/001148', 34, '2022-09-01', 1, '2022-09-06 06:32:28', '2022-09-06 06:32:50'),
(455, 'INV/005978', 35, '2022-09-01', 1, '2022-09-06 06:32:28', '2022-09-06 06:32:55'),
(456, 'INV/004109', 36, '2022-09-01', 0, '2022-09-06 06:32:28', '2022-09-06 06:32:28'),
(457, 'INV/008750', 37, '2022-09-01', 1, '2022-09-06 06:32:28', '2022-09-06 06:32:44'),
(458, 'INV/006674', 1, '2022-10-01', 0, '2022-10-04 17:35:20', '2022-10-04 17:35:20'),
(459, 'INV/002093', 2, '2022-10-01', 0, '2022-10-04 17:35:20', '2022-10-04 17:35:20'),
(460, 'INV/008440', 3, '2022-10-01', 0, '2022-10-04 17:35:20', '2022-10-04 17:35:20'),
(461, 'INV/003361', 4, '2022-10-01', 0, '2022-10-04 17:35:20', '2022-10-04 17:35:20'),
(462, 'INV/008795', 5, '2022-10-01', 0, '2022-10-04 17:35:20', '2022-10-04 17:35:20'),
(463, 'INV/009834', 6, '2022-10-01', 0, '2022-10-04 17:35:20', '2022-10-04 17:35:20'),
(464, 'INV/008070', 7, '2022-10-01', 0, '2022-10-04 17:35:20', '2022-10-04 17:35:20'),
(465, 'INV/003389', 8, '2022-10-01', 0, '2022-10-04 17:35:20', '2022-10-04 17:35:20'),
(466, 'INV/008185', 9, '2022-10-01', 0, '2022-10-04 17:35:20', '2022-10-04 17:35:20'),
(467, 'INV/004178', 10, '2022-10-01', 0, '2022-10-04 17:35:20', '2022-10-04 17:35:20'),
(468, 'INV/005237', 11, '2022-10-01', 0, '2022-10-04 17:35:20', '2022-10-04 17:35:20'),
(469, 'INV/00998', 12, '2022-10-01', 0, '2022-10-04 17:35:20', '2022-10-04 17:35:20'),
(470, 'INV/007908', 13, '2022-10-01', 0, '2022-10-04 17:35:20', '2022-10-04 17:35:20'),
(471, 'INV/007106', 14, '2022-10-01', 0, '2022-10-04 17:35:20', '2022-10-04 17:35:20'),
(472, 'INV/003679', 15, '2022-10-01', 0, '2022-10-04 17:35:20', '2022-10-04 17:35:20'),
(473, 'INV/003460', 16, '2022-10-01', 0, '2022-10-04 17:35:20', '2022-10-04 17:35:20'),
(474, 'INV/008283', 17, '2022-10-01', 0, '2022-10-04 17:35:20', '2022-10-04 17:35:20'),
(475, 'INV/002118', 18, '2022-10-01', 0, '2022-10-04 17:35:20', '2022-10-04 17:35:20'),
(476, 'INV/006054', 19, '2022-10-01', 0, '2022-10-04 17:35:20', '2022-10-04 17:35:20'),
(477, 'INV/007623', 20, '2022-10-01', 0, '2022-10-04 17:35:20', '2022-10-04 17:35:20'),
(478, 'INV/002814', 21, '2022-10-01', 0, '2022-10-04 17:35:20', '2022-10-04 17:35:20'),
(479, 'INV/002421', 22, '2022-10-01', 0, '2022-10-04 17:35:20', '2022-10-04 17:35:20'),
(480, 'INV/008957', 23, '2022-10-01', 0, '2022-10-04 17:35:20', '2022-10-04 17:35:20'),
(481, 'INV/003296', 24, '2022-10-01', 0, '2022-10-04 17:35:20', '2022-10-04 17:35:20'),
(482, 'INV/008736', 25, '2022-10-01', 0, '2022-10-04 17:35:20', '2022-10-04 17:35:20'),
(483, 'INV/001634', 26, '2022-10-01', 0, '2022-10-04 17:35:20', '2022-10-04 17:35:20'),
(484, 'INV/001254', 27, '2022-10-01', 0, '2022-10-04 17:35:20', '2022-10-04 17:35:20'),
(485, 'INV/001944', 28, '2022-10-01', 0, '2022-10-04 17:35:20', '2022-10-04 17:35:20'),
(486, 'INV/001013', 29, '2022-10-01', 0, '2022-10-04 17:35:20', '2022-10-04 17:35:20'),
(487, 'INV/003174', 30, '2022-10-01', 0, '2022-10-04 17:35:20', '2022-10-04 17:35:20'),
(488, 'INV/005570', 31, '2022-10-01', 0, '2022-10-04 17:35:20', '2022-10-04 17:35:20'),
(489, 'INV/007565', 32, '2022-10-01', 0, '2022-10-04 17:35:20', '2022-10-04 17:35:20'),
(490, 'INV/001834', 33, '2022-10-01', 0, '2022-10-04 17:35:20', '2022-10-04 17:35:20'),
(491, 'INV/001696', 34, '2022-10-01', 0, '2022-10-04 17:35:20', '2022-10-04 17:35:20'),
(492, 'INV/001558', 35, '2022-10-01', 0, '2022-10-04 17:35:20', '2022-10-04 17:35:20'),
(493, 'INV/005808', 36, '2022-10-01', 0, '2022-10-04 17:35:20', '2022-10-04 17:35:20'),
(494, 'INV/002524', 37, '2022-10-01', 0, '2022-10-04 17:35:20', '2022-10-04 17:35:20'),
(495, 'INV/003984', 1, '2022-11-01', 0, '2022-11-01 14:55:23', '2022-11-01 14:55:23'),
(496, 'INV/005594', 2, '2022-11-01', 0, '2022-11-01 14:55:23', '2022-11-01 14:55:23'),
(497, 'INV/001814', 3, '2022-11-01', 0, '2022-11-01 14:55:23', '2022-11-01 14:55:23'),
(498, 'INV/00658', 4, '2022-11-01', 0, '2022-11-01 14:55:23', '2022-11-01 14:55:23'),
(499, 'INV/004538', 5, '2022-11-01', 0, '2022-11-01 14:55:23', '2022-11-01 14:55:23'),
(500, 'INV/005247', 6, '2022-11-01', 0, '2022-11-01 14:55:23', '2022-11-01 14:55:23'),
(501, 'INV/005026', 7, '2022-11-01', 0, '2022-11-01 14:55:23', '2022-11-01 14:55:23'),
(502, 'INV/004718', 8, '2022-11-01', 0, '2022-11-01 14:55:23', '2022-11-01 14:55:23'),
(503, 'INV/002443', 9, '2022-11-01', 0, '2022-11-01 14:55:23', '2022-11-01 14:55:23'),
(504, 'INV/005111', 10, '2022-11-01', 0, '2022-11-01 14:55:23', '2022-11-01 14:55:23'),
(505, 'INV/005850', 11, '2022-11-01', 0, '2022-11-01 14:55:23', '2022-11-01 14:55:23'),
(506, 'INV/007484', 12, '2022-11-01', 0, '2022-11-01 14:55:23', '2022-11-01 14:55:23'),
(507, 'INV/005283', 13, '2022-11-01', 0, '2022-11-01 14:55:23', '2022-11-01 14:55:23'),
(508, 'INV/001644', 14, '2022-11-01', 0, '2022-11-01 14:55:23', '2022-11-01 14:55:23'),
(509, 'INV/001073', 15, '2022-11-01', 0, '2022-11-01 14:55:23', '2022-11-01 14:55:23'),
(510, 'INV/006953', 16, '2022-11-01', 0, '2022-11-01 14:55:23', '2022-11-01 14:55:23'),
(511, 'INV/005538', 17, '2022-11-01', 0, '2022-11-01 14:55:23', '2022-11-01 14:55:23'),
(512, 'INV/006214', 18, '2022-11-01', 0, '2022-11-01 14:55:23', '2022-11-01 14:55:23'),
(513, 'INV/009574', 19, '2022-11-01', 0, '2022-11-01 14:55:23', '2022-11-01 14:55:23'),
(514, 'INV/001880', 20, '2022-11-01', 0, '2022-11-01 14:55:23', '2022-11-01 14:55:23'),
(515, 'INV/007235', 21, '2022-11-01', 0, '2022-11-01 14:55:23', '2022-11-01 14:55:23'),
(516, 'INV/006555', 22, '2022-11-01', 0, '2022-11-01 14:55:23', '2022-11-01 14:55:23'),
(517, 'INV/007388', 23, '2022-11-01', 0, '2022-11-01 14:55:23', '2022-11-01 14:55:23'),
(518, 'INV/002398', 24, '2022-11-01', 0, '2022-11-01 14:55:23', '2022-11-01 14:55:23'),
(519, 'INV/003798', 25, '2022-11-01', 0, '2022-11-01 14:55:23', '2022-11-01 14:55:23'),
(520, 'INV/006306', 26, '2022-11-01', 0, '2022-11-01 14:55:23', '2022-11-01 14:55:23'),
(521, 'INV/00430', 27, '2022-11-01', 0, '2022-11-01 14:55:23', '2022-11-01 14:55:23'),
(522, 'INV/00605', 28, '2022-11-01', 0, '2022-11-01 14:55:23', '2022-11-01 14:55:23'),
(523, 'INV/008303', 29, '2022-11-01', 0, '2022-11-01 14:55:23', '2022-11-01 14:55:23'),
(524, 'INV/002574', 30, '2022-11-01', 0, '2022-11-01 14:55:23', '2022-11-01 14:55:23'),
(525, 'INV/007588', 31, '2022-11-01', 0, '2022-11-01 14:55:23', '2022-11-01 14:55:23'),
(526, 'INV/002317', 32, '2022-11-01', 0, '2022-11-01 14:55:23', '2022-11-01 14:55:23'),
(527, 'INV/006748', 33, '2022-11-01', 0, '2022-11-01 14:55:23', '2022-11-01 14:55:23'),
(528, 'INV/001030', 34, '2022-11-01', 0, '2022-11-01 14:55:23', '2022-11-01 14:55:23'),
(529, 'INV/002901', 35, '2022-11-01', 0, '2022-11-01 14:55:23', '2022-11-01 14:55:23'),
(530, 'INV/004253', 36, '2022-11-01', 0, '2022-11-01 14:55:23', '2022-11-01 14:55:23'),
(531, 'INV/006362', 37, '2022-11-01', 0, '2022-11-01 14:55:23', '2022-11-01 14:55:23'),
(532, 'INV/006127', 1, '2022-12-01', 0, '2022-12-08 20:09:19', '2022-12-08 20:09:19'),
(533, 'INV/009623', 2, '2022-12-01', 0, '2022-12-08 20:09:19', '2022-12-08 20:09:19'),
(534, 'INV/006389', 3, '2022-12-01', 1, '2022-12-08 20:09:19', '2022-12-15 15:12:45'),
(535, 'INV/002358', 4, '2022-12-01', 0, '2022-12-08 20:09:19', '2022-12-08 20:09:19'),
(536, 'INV/006600', 5, '2022-12-01', 0, '2022-12-08 20:09:19', '2022-12-08 20:09:19'),
(537, 'INV/006878', 6, '2022-12-01', 0, '2022-12-08 20:09:19', '2022-12-08 20:09:19'),
(538, 'INV/004023', 7, '2022-12-01', 1, '2022-12-08 20:09:19', '2022-12-15 15:13:23'),
(539, 'INV/008885', 8, '2022-12-01', 0, '2022-12-08 20:09:19', '2022-12-08 20:09:19'),
(540, 'INV/004535', 9, '2022-12-01', 0, '2022-12-08 20:09:19', '2022-12-08 20:09:19'),
(541, 'INV/009415', 10, '2022-12-01', 0, '2022-12-08 20:09:19', '2022-12-08 20:09:19'),
(542, 'INV/005634', 11, '2022-12-01', 1, '2022-12-08 20:09:19', '2022-12-15 15:13:31'),
(543, 'INV/00195', 12, '2022-12-01', 0, '2022-12-08 20:09:19', '2022-12-08 20:09:19'),
(544, 'INV/009972', 13, '2022-12-01', 0, '2022-12-08 20:09:19', '2022-12-08 20:09:19'),
(545, 'INV/005852', 14, '2022-12-01', 0, '2022-12-08 20:09:19', '2022-12-08 20:09:19'),
(546, 'INV/003850', 15, '2022-12-01', 0, '2022-12-08 20:09:19', '2022-12-08 20:09:19'),
(547, 'INV/00126', 16, '2022-12-01', 0, '2022-12-08 20:09:19', '2022-12-08 20:09:19'),
(548, 'INV/001352', 17, '2022-12-01', 1, '2022-12-08 20:09:19', '2022-12-15 15:13:50'),
(549, 'INV/003629', 18, '2022-12-01', 0, '2022-12-08 20:09:19', '2022-12-08 20:09:19'),
(550, 'INV/009423', 19, '2022-12-01', 0, '2022-12-08 20:09:19', '2022-12-08 20:09:19'),
(551, 'INV/002461', 20, '2022-12-01', 0, '2022-12-08 20:09:19', '2022-12-08 20:09:19'),
(552, 'INV/00749', 21, '2022-12-01', 0, '2022-12-08 20:09:19', '2022-12-08 20:09:19'),
(553, 'INV/006830', 22, '2022-12-01', 1, '2022-12-08 20:09:19', '2022-12-15 15:13:41'),
(554, 'INV/00230', 23, '2022-12-01', 0, '2022-12-08 20:09:19', '2022-12-08 20:09:19'),
(555, 'INV/005622', 24, '2022-12-01', 1, '2022-12-08 20:09:19', '2022-12-15 15:14:02'),
(556, 'INV/001706', 25, '2022-12-01', 0, '2022-12-08 20:09:19', '2022-12-08 20:09:19'),
(557, 'INV/001991', 26, '2022-12-01', 1, '2022-12-08 20:09:19', '2022-12-15 15:14:14'),
(558, 'INV/009213', 27, '2022-12-01', 0, '2022-12-08 20:09:19', '2022-12-08 20:09:19'),
(559, 'INV/001962', 28, '2022-12-01', 1, '2022-12-08 20:09:19', '2022-12-15 15:14:24'),
(560, 'INV/009141', 29, '2022-12-01', 0, '2022-12-08 20:09:19', '2022-12-08 20:09:19'),
(561, 'INV/004054', 30, '2022-12-01', 0, '2022-12-08 20:09:19', '2022-12-08 20:09:19'),
(562, 'INV/007406', 31, '2022-12-01', 0, '2022-12-08 20:09:19', '2022-12-08 20:09:19'),
(563, 'INV/001003', 32, '2022-12-01', 0, '2022-12-08 20:09:19', '2022-12-08 20:09:19'),
(564, 'INV/004566', 33, '2022-12-01', 0, '2022-12-08 20:09:19', '2022-12-08 20:09:19'),
(565, 'INV/004727', 34, '2022-12-01', 1, '2022-12-08 20:09:19', '2022-12-15 15:14:31'),
(566, 'INV/008714', 35, '2022-12-01', 1, '2022-12-08 20:09:19', '2022-12-15 15:22:22'),
(567, 'INV/009432', 36, '2022-12-01', 0, '2022-12-08 20:09:19', '2022-12-08 20:09:19'),
(568, 'INV/005255', 37, '2022-12-01', 0, '2022-12-08 20:09:19', '2022-12-08 20:09:19'),
(569, 'INV/00346', 1, '2023-01-01', 1, '2023-01-01 20:27:10', '2023-03-01 14:49:35'),
(570, 'INV/00916', 2, '2023-01-01', 1, '2023-01-01 20:27:10', '2023-03-01 14:49:38'),
(571, 'INV/00643', 3, '2023-01-01', 1, '2023-01-01 20:27:10', '2023-03-01 14:49:41'),
(572, 'INV/002563', 4, '2023-01-01', 1, '2023-01-01 20:27:10', '2023-03-01 14:49:44'),
(573, 'INV/007367', 5, '2023-01-01', 1, '2023-01-01 20:27:10', '2023-03-01 14:49:46'),
(574, 'INV/004510', 6, '2023-01-01', 1, '2023-01-01 20:27:10', '2023-03-01 14:49:49'),
(575, 'INV/004840', 7, '2023-01-01', 1, '2023-01-01 20:27:10', '2023-03-01 14:49:51'),
(576, 'INV/008674', 8, '2023-01-01', 1, '2023-01-01 20:27:10', '2023-03-01 14:49:54'),
(577, 'INV/003808', 9, '2023-01-01', 1, '2023-01-01 20:27:10', '2023-03-01 14:49:56'),
(578, 'INV/005463', 10, '2023-01-01', 1, '2023-01-01 20:27:10', '2023-03-01 14:49:59'),
(579, 'INV/003225', 11, '2023-01-01', 1, '2023-01-01 20:27:10', '2023-03-01 14:50:02'),
(580, 'INV/002790', 12, '2023-01-01', 1, '2023-01-01 20:27:10', '2023-03-01 14:50:07'),
(581, 'INV/008440', 13, '2023-01-01', 1, '2023-01-01 20:27:10', '2023-03-01 14:50:10'),
(582, 'INV/008658', 14, '2023-01-01', 1, '2023-01-01 20:27:10', '2023-03-01 14:50:14'),
(583, 'INV/001301', 15, '2023-01-01', 1, '2023-01-01 20:27:10', '2023-03-01 14:50:17'),
(584, 'INV/007565', 16, '2023-01-01', 1, '2023-01-01 20:27:10', '2023-03-01 14:50:21');
INSERT INTO `bills` (`id`, `invoice_number`, `customer_id`, `date`, `is_paid`, `created_at`, `updated_at`) VALUES
(585, 'INV/004368', 17, '2023-01-01', 1, '2023-01-01 20:27:10', '2023-03-01 14:50:24'),
(586, 'INV/009887', 18, '2023-01-01', 1, '2023-01-01 20:27:10', '2023-03-01 14:50:29'),
(587, 'INV/009006', 19, '2023-01-01', 0, '2023-01-01 20:27:10', '2023-01-01 20:27:10'),
(588, 'INV/006162', 20, '2023-01-01', 1, '2023-01-01 20:27:10', '2023-03-01 14:50:32'),
(589, 'INV/006491', 21, '2023-01-01', 1, '2023-01-01 20:27:10', '2023-03-01 14:50:37'),
(590, 'INV/003999', 22, '2023-01-01', 1, '2023-01-01 20:27:10', '2023-03-01 14:50:41'),
(591, 'INV/003146', 23, '2023-01-01', 1, '2023-01-01 20:27:10', '2023-03-01 14:50:45'),
(592, 'INV/009382', 24, '2023-01-01', 1, '2023-01-01 20:27:10', '2023-03-01 14:50:49'),
(593, 'INV/005538', 25, '2023-01-01', 1, '2023-01-01 20:27:10', '2023-03-01 14:50:52'),
(594, 'INV/005450', 26, '2023-01-01', 1, '2023-01-01 20:27:10', '2023-03-01 14:50:56'),
(595, 'INV/00711', 27, '2023-01-01', 1, '2023-01-01 20:27:10', '2023-03-01 14:51:00'),
(596, 'INV/007163', 28, '2023-01-01', 1, '2023-01-01 20:27:10', '2023-03-01 14:51:02'),
(597, 'INV/008120', 29, '2023-01-01', 1, '2023-01-01 20:27:10', '2023-03-01 14:51:05'),
(598, 'INV/006382', 30, '2023-01-01', 1, '2023-01-01 20:27:10', '2023-03-01 14:51:08'),
(599, 'INV/009837', 31, '2023-01-01', 1, '2023-01-01 20:27:10', '2023-03-01 14:51:11'),
(600, 'INV/009844', 32, '2023-01-01', 1, '2023-01-01 20:27:10', '2023-03-01 14:51:15'),
(601, 'INV/007533', 33, '2023-01-01', 1, '2023-01-01 20:27:10', '2023-03-01 14:51:17'),
(602, 'INV/006004', 34, '2023-01-01', 1, '2023-01-01 20:27:10', '2023-03-01 14:51:21'),
(603, 'INV/008159', 35, '2023-01-01', 1, '2023-01-01 20:27:10', '2023-03-01 14:51:24'),
(604, 'INV/006667', 36, '2023-01-01', 1, '2023-01-01 20:27:10', '2023-03-01 14:51:27'),
(605, 'INV/006247', 37, '2023-01-01', 1, '2023-01-01 20:27:10', '2023-03-01 14:51:30'),
(606, 'INV/007049', 1, '2023-02-01', 1, '2023-02-02 15:25:19', '2023-03-01 14:51:36'),
(607, 'INV/008319', 2, '2023-02-01', 1, '2023-02-02 15:25:19', '2023-03-01 14:51:39'),
(608, 'INV/009929', 3, '2023-02-01', 1, '2023-02-02 15:25:19', '2023-03-01 14:51:41'),
(609, 'INV/00884', 4, '2023-02-01', 1, '2023-02-02 15:25:19', '2023-02-08 05:22:52'),
(610, 'INV/003858', 5, '2023-02-01', 1, '2023-02-02 15:25:19', '2023-03-01 14:51:44'),
(611, 'INV/001785', 6, '2023-02-01', 1, '2023-02-02 15:25:19', '2023-03-01 14:51:47'),
(612, 'INV/009262', 7, '2023-02-01', 1, '2023-02-02 15:25:19', '2023-03-01 14:51:50'),
(613, 'INV/002446', 8, '2023-02-01', 1, '2023-02-02 15:25:19', '2023-03-01 14:51:52'),
(614, 'INV/00770', 9, '2023-02-01', 1, '2023-02-02 15:25:19', '2023-03-01 14:51:54'),
(615, 'INV/005584', 10, '2023-02-01', 1, '2023-02-02 15:25:19', '2023-03-01 14:51:57'),
(616, 'INV/004381', 11, '2023-02-01', 1, '2023-02-02 15:25:19', '2023-03-01 14:52:00'),
(617, 'INV/007416', 12, '2023-02-01', 0, '2023-02-02 15:25:19', '2023-02-02 15:25:19'),
(618, 'INV/009226', 13, '2023-02-01', 0, '2023-02-02 15:25:19', '2023-02-02 15:25:19'),
(619, 'INV/003122', 14, '2023-02-01', 0, '2023-02-02 15:25:19', '2023-02-02 15:25:19'),
(620, 'INV/002908', 15, '2023-02-01', 0, '2023-02-02 15:25:19', '2023-02-02 15:25:19'),
(621, 'INV/008138', 16, '2023-02-01', 1, '2023-02-02 15:25:19', '2023-02-02 15:32:40'),
(622, 'INV/006469', 17, '2023-02-01', 0, '2023-02-02 15:25:19', '2023-02-02 15:25:19'),
(623, 'INV/007653', 18, '2023-02-01', 0, '2023-02-02 15:25:19', '2023-02-02 15:25:19'),
(624, 'INV/005722', 19, '2023-02-01', 0, '2023-02-02 15:25:19', '2023-02-02 15:25:19'),
(625, 'INV/003018', 20, '2023-02-01', 0, '2023-02-02 15:25:19', '2023-02-02 15:25:19'),
(626, 'INV/002386', 21, '2023-02-01', 1, '2023-02-02 15:25:19', '2023-02-02 15:31:57'),
(627, 'INV/007767', 22, '2023-02-01', 1, '2023-02-02 15:25:19', '2023-02-02 15:31:38'),
(628, 'INV/007604', 23, '2023-02-01', 1, '2023-02-02 15:25:19', '2023-03-01 14:52:05'),
(629, 'INV/001169', 24, '2023-02-01', 1, '2023-02-02 15:25:19', '2023-03-01 14:52:09'),
(630, 'INV/007740', 25, '2023-02-01', 1, '2023-02-02 15:25:19', '2023-03-01 14:52:13'),
(631, 'INV/003614', 26, '2023-02-01', 1, '2023-02-02 15:25:19', '2023-02-02 15:31:27'),
(632, 'INV/009036', 27, '2023-02-01', 1, '2023-02-02 15:25:19', '2023-03-01 14:52:16'),
(633, 'INV/005792', 28, '2023-02-01', 1, '2023-02-02 15:25:19', '2023-03-01 14:52:19'),
(634, 'INV/008919', 29, '2023-02-01', 1, '2023-02-02 15:25:19', '2023-03-01 14:52:24'),
(635, 'INV/006623', 30, '2023-02-01', 1, '2023-02-02 15:25:19', '2023-02-02 15:31:17'),
(636, 'INV/005104', 31, '2023-02-01', 1, '2023-02-02 15:25:19', '2023-03-01 14:52:28'),
(637, 'INV/009957', 32, '2023-02-01', 1, '2023-02-02 15:25:19', '2023-03-01 14:52:32'),
(638, 'INV/002134', 33, '2023-02-01', 1, '2023-02-02 15:25:19', '2023-03-01 14:52:35'),
(639, 'INV/009859', 34, '2023-02-01', 1, '2023-02-02 15:25:19', '2023-02-08 05:22:22'),
(640, 'INV/001367', 35, '2023-02-01', 1, '2023-02-02 15:25:19', '2023-02-02 15:31:02'),
(641, 'INV/00304', 36, '2023-02-01', 1, '2023-02-02 15:25:19', '2023-03-01 14:52:38'),
(642, 'INV/001364', 37, '2023-02-01', 1, '2023-02-02 15:25:19', '2023-03-01 14:52:42'),
(643, 'INV/004165', 1, '2023-03-01', 0, '2023-03-01 14:27:52', '2023-03-01 14:27:52'),
(644, 'INV/009373', 2, '2023-03-01', 0, '2023-03-01 14:27:52', '2023-03-01 14:27:52'),
(645, 'INV/005944', 3, '2023-03-01', 0, '2023-03-01 14:27:52', '2023-03-01 14:27:52'),
(646, 'INV/001107', 4, '2023-03-01', 0, '2023-03-01 14:27:52', '2023-03-01 14:27:52'),
(647, 'INV/009895', 5, '2023-03-01', 0, '2023-03-01 14:27:52', '2023-03-01 14:27:52'),
(648, 'INV/003815', 6, '2023-03-01', 0, '2023-03-01 14:27:52', '2023-03-01 14:27:52'),
(649, 'INV/001588', 7, '2023-03-01', 0, '2023-03-01 14:27:52', '2023-03-01 14:27:52'),
(650, 'INV/003532', 8, '2023-03-01', 0, '2023-03-01 14:27:52', '2023-03-01 14:27:52'),
(651, 'INV/00877', 9, '2023-03-01', 0, '2023-03-01 14:27:52', '2023-03-01 14:27:52'),
(652, 'INV/007783', 10, '2023-03-01', 0, '2023-03-01 14:27:52', '2023-03-01 14:27:52'),
(653, 'INV/006201', 11, '2023-03-01', 0, '2023-03-01 14:27:52', '2023-03-01 14:27:52'),
(654, 'INV/008733', 12, '2023-03-01', 0, '2023-03-01 14:27:52', '2023-03-01 14:27:52'),
(655, 'INV/003693', 13, '2023-03-01', 0, '2023-03-01 14:27:52', '2023-03-01 14:27:52'),
(656, 'INV/001640', 14, '2023-03-01', 0, '2023-03-01 14:27:52', '2023-03-01 14:27:52'),
(657, 'INV/002092', 15, '2023-03-01', 1, '2023-03-01 14:27:52', '2023-03-01 14:53:18'),
(658, 'INV/002999', 16, '2023-03-01', 0, '2023-03-01 14:27:52', '2023-03-01 14:27:52'),
(659, 'INV/004479', 17, '2023-03-01', 0, '2023-03-01 14:27:52', '2023-03-01 14:27:52'),
(660, 'INV/004373', 18, '2023-03-01', 0, '2023-03-01 14:27:52', '2023-03-01 14:27:52'),
(661, 'INV/009052', 19, '2023-03-01', 0, '2023-03-01 14:27:52', '2023-03-01 14:27:52'),
(662, 'INV/001764', 20, '2023-03-01', 0, '2023-03-01 14:27:52', '2023-03-01 14:27:52'),
(663, 'INV/006030', 21, '2023-03-01', 0, '2023-03-01 14:27:52', '2023-03-01 14:27:52'),
(664, 'INV/009335', 22, '2023-03-01', 1, '2023-03-01 14:27:52', '2023-03-01 14:53:46'),
(665, 'INV/007887', 23, '2023-03-01', 0, '2023-03-01 14:27:52', '2023-03-01 14:27:52'),
(666, 'INV/001098', 24, '2023-03-01', 0, '2023-03-01 14:27:52', '2023-03-01 14:27:52'),
(667, 'INV/006667', 25, '2023-03-01', 0, '2023-03-01 14:27:52', '2023-03-01 14:27:52'),
(668, 'INV/006122', 26, '2023-03-01', 0, '2023-03-01 14:27:52', '2023-03-01 14:27:52'),
(669, 'INV/005880', 27, '2023-03-01', 0, '2023-03-01 14:27:52', '2023-03-01 14:27:52'),
(670, 'INV/002121', 28, '2023-03-01', 0, '2023-03-01 14:27:52', '2023-03-01 14:27:52'),
(671, 'INV/00922', 29, '2023-03-01', 0, '2023-03-01 14:27:52', '2023-03-01 14:27:52'),
(672, 'INV/002617', 30, '2023-03-01', 0, '2023-03-01 14:27:52', '2023-03-01 14:27:52'),
(673, 'INV/009666', 31, '2023-03-01', 0, '2023-03-01 14:27:52', '2023-03-01 14:27:52'),
(674, 'INV/001571', 32, '2023-03-01', 0, '2023-03-01 14:27:52', '2023-03-01 14:27:52'),
(675, 'INV/003501', 33, '2023-03-01', 0, '2023-03-01 14:27:52', '2023-03-01 14:27:52'),
(676, 'INV/005791', 34, '2023-03-01', 1, '2023-03-01 14:27:52', '2023-03-01 14:52:59'),
(677, 'INV/009629', 35, '2023-03-01', 0, '2023-03-01 14:27:52', '2023-03-01 14:27:52'),
(678, 'INV/007268', 36, '2023-03-01', 0, '2023-03-01 14:27:52', '2023-03-01 14:27:52'),
(679, 'INV/006245', 37, '2023-03-01', 0, '2023-03-01 14:27:52', '2023-03-01 14:27:52');

-- --------------------------------------------------------

--
-- Table structure for table `customers`
--

CREATE TABLE `customers` (
  `id` bigint(20) UNSIGNED NOT NULL,
  `name` varchar(100) NOT NULL,
  `phone` char(13) NOT NULL,
  `address` text NOT NULL,
  `image` varchar(100) NOT NULL DEFAULT 'assets/admin/media/users/blank.png',
  `is_active` tinyint(1) NOT NULL DEFAULT 1,
  `created_at` timestamp NULL DEFAULT NULL,
  `updated_at` timestamp NULL DEFAULT NULL
) ENGINE=InnoDB DEFAULT CHARSET=utf8mb4 COLLATE=utf8mb4_unicode_ci;

--
-- Dumping data for table `customers`
--

INSERT INTO `customers` (`id`, `name`, `phone`, `address`, `image`, `is_active`, `created_at`, `updated_at`) VALUES
(1, 'Wayan Purdiana', '085738688226', 'Br. Tengah Bonbiyu, Desa Saba, Kecamatan Blahbatuh', 'assets/admin/media/users/blank.png', 1, '2021-08-09 00:15:50', '2021-08-09 00:15:50'),
(2, 'Putu Tia', '081558762047', 'Br. Sema, Bonbiyu', 'assets/admin/media/users/blank.png', 1, '2021-08-09 00:16:42', '2021-08-09 00:16:42'),
(3, 'Bapak Made Diarta', '081338605248', 'Br. Tegalulung, Bonbiyu', 'assets/admin/media/users/blank.png', 1, '2021-08-09 00:17:38', '2021-08-09 00:17:38'),
(4, 'Bapak Namu', '081999898660', 'Br. Sema Bonbiyu, Saba', 'assets/admin/media/users/blank.png', 1, '2021-08-09 00:18:41', '2021-08-09 00:18:41'),
(5, 'Bapak Hendra', '082236940050', 'Br. Tengah Bonbiyu, Saba', 'assets/admin/media/users/blank.png', 1, '2021-08-09 00:19:58', '2021-08-09 00:19:58'),
(6, 'Bapak Karmana', '081337331070', 'Br. Sema Bonbiyu, Saba', 'assets/admin/media/users/blank.png', 1, '2021-08-09 00:20:52', '2021-08-09 00:20:52'),
(7, 'Kadek Supardi', '081353068550', 'Br. Tengah Bonbiyu, Saba', 'assets/admin/media/users/blank.png', 1, '2021-08-09 00:21:41', '2021-08-09 00:21:41'),
(8, 'Bapak Wetra', '082339599519', 'Br. Tengah Bonbiyu, Saba', 'assets/admin/media/users/blank.png', 1, '2021-08-09 00:23:17', '2021-08-09 00:23:17'),
(9, 'Bapak Sulitra', '081239542220', 'Br. Tengah Bonbiyu, Saba', 'assets/admin/media/users/blank.png', 1, '2021-08-09 00:23:54', '2021-08-09 00:23:54'),
(10, 'Wayan Wikajaya', '089678062057', 'Blangsinga', 'assets/admin/media/users/blank.png', 1, '2021-08-09 00:24:55', '2021-08-09 00:24:55'),
(11, 'Nyoman Suparsa (Gems Guitar)', '087841566166', 'Blahbatuh', 'assets/admin/media/users/blank.png', 1, '2021-08-09 00:26:28', '2021-08-09 00:26:28'),
(12, 'Cthoz Laud', '089656262666', 'Blahbatuh', 'assets/admin/media/users/blank.png', 1, '2021-08-09 00:27:43', '2022-01-04 03:19:54'),
(13, 'Bapak Jaya', '085239055280', 'Br. Tengah Bonbiyu, Saba', 'assets/admin/media/users/blank.png', 1, '2021-08-09 00:28:29', '2021-08-09 00:28:29'),
(14, 'Cthoz Home', '089656262666', 'Blahbatuh', 'assets/admin/media/users/blank.png', 1, '2021-08-09 00:29:03', '2022-01-04 03:19:35'),
(15, 'Unyil', '00000000000', 'Br. Tengah Bonbiyu, Saba', 'assets/admin/media/users/blank.png', 1, '2021-08-09 00:29:29', '2021-08-09 00:29:29'),
(16, 'Kadek Sri Utari', '081916545400', 'Blangsinga', 'assets/admin/media/users/blank.png', 1, '2021-08-09 00:30:23', '2022-04-02 14:40:09'),
(17, 'Putu Campleng', '081246439494', 'Br. Tegalulung Bonbiyu, Saba', 'assets/admin/media/users/blank.png', 1, '2021-08-09 00:31:14', '2021-08-09 00:31:14'),
(18, 'Kadek David', '08113988828', 'Br Tengah bonbiyu, Saba', 'assets/admin/media/users/blank.png', 1, '2021-08-09 00:33:10', '2021-08-09 00:33:10'),
(19, 'Eros', '087849918398', 'Br. Telalulung Bonbiyu, Saba', 'assets/admin/media/users/blank.png', 0, '2021-08-09 00:34:10', '2022-11-01 20:30:01'),
(20, 'Bayu', '081229726358', 'Blangsinga', 'assets/admin/media/users/blank.png', 1, '2021-08-09 00:34:46', '2021-08-09 00:34:46'),
(21, 'Intan', '085739957007', 'Blangsinga', 'assets/admin/media/users/blank.png', 1, '2021-08-09 00:35:34', '2021-08-09 00:35:34'),
(22, 'Wayan Astawa', '082147161307', 'Br. Tengah Bonbiyu, Saba', 'assets/admin/media/users/blank.png', 1, '2021-08-09 00:36:26', '2021-08-09 00:36:26'),
(23, 'Putu Arun / Pak Sukadi', '0887433370130', 'Bonbiyu', 'assets/admin/media/users/blank.png', 1, '2021-08-31 17:21:46', '2021-08-31 17:21:46'),
(24, 'Bli Polik Karsana', '081246080860', 'Bonbiyu', 'assets/admin/media/users/blank.png', 1, '2021-08-31 17:23:42', '2021-08-31 17:23:42'),
(25, 'Ardi Artha (Getuk)', '000000000', 'Bonbiyu', 'assets/admin/media/users/blank.png', 1, '2021-10-01 20:01:41', '2021-10-01 20:01:41'),
(26, 'Made Arianto', '085237464911', 'Bonbiyu', 'assets/admin/media/users/blank.png', 1, '2021-10-01 20:02:58', '2021-10-01 20:02:58'),
(27, 'Gusti Ngurah Bento', '087837702762', 'Br. Kawan Bonbiyu', 'assets/admin/media/users/blank.png', 1, '2021-12-01 01:43:36', '2021-12-01 01:43:36'),
(28, 'Wayan Subrata', '081338594627', 'Br. Sema Bonbiyu', 'assets/admin/media/users/blank.png', 1, '2021-12-01 01:44:36', '2021-12-01 01:44:36'),
(29, 'Cthoz Mart', '089656262666', 'Blahbatuh', 'assets/admin/media/users/blank.png', 1, '2022-01-04 03:19:04', '2022-01-04 03:19:04'),
(30, 'Bli Angik', '000000000', 'Br. Tengah Bonbiyu', 'assets/admin/media/users/blank.png', 1, '2022-02-02 04:52:42', '2022-02-02 04:52:42'),
(31, 'Erik', '000000000', 'Br. Tegalulung Bonbiyu', 'assets/admin/media/users/blank.png', 1, '2022-02-02 04:53:36', '2022-02-02 04:53:36'),
(32, 'Cthoz Pande', '089656262666', 'Blahbatuh', 'assets/admin/media/users/blank.png', 1, '2022-02-02 04:54:35', '2022-02-02 04:55:18'),
(33, 'WARUNG PAK YANNIK', '0000000', 'Blahbatuh', 'assets/admin/media/users/blank.png', 1, '2022-03-04 04:05:20', '2022-03-04 04:05:20'),
(34, 'Dek Adi', '082146182159', 'Tojan', 'assets/admin/media/users/blank.png', 1, '2022-04-02 14:42:01', '2022-04-02 14:42:01'),
(35, 'Bapak Dirga', '081339517340', 'Br. Sema', 'assets/admin/media/users/blank.png', 1, '2022-05-03 17:48:25', '2022-05-03 17:48:25'),
(36, 'Bapak Agus', '082245982688', 'Bonbiyu', 'assets/admin/media/users/blank.png', 1, '2022-06-09 14:24:48', '2022-06-09 14:24:48'),
(37, 'Komang Yudana', '082146906761', 'Br. tengah Bonbiyu', 'assets/admin/media/users/blank.png', 1, '2022-09-06 06:29:10', '2022-09-06 06:29:10');

-- --------------------------------------------------------

--
-- Table structure for table `customer_bandwidths`
--

CREATE TABLE `customer_bandwidths` (
  `id` bigint(20) UNSIGNED NOT NULL,
  `customer_id` bigint(20) UNSIGNED NOT NULL,
  `ip_radio` varchar(20) DEFAULT NULL,
  `ip_access` varchar(20) DEFAULT NULL,
  `package_id` bigint(20) UNSIGNED NOT NULL,
  `created_at` timestamp NULL DEFAULT NULL,
  `updated_at` timestamp NULL DEFAULT NULL
) ENGINE=InnoDB DEFAULT CHARSET=utf8mb4 COLLATE=utf8mb4_unicode_ci;

--
-- Dumping data for table `customer_bandwidths`
--

INSERT INTO `customer_bandwidths` (`id`, `customer_id`, `ip_radio`, `ip_access`, `package_id`, `created_at`, `updated_at`) VALUES
(1, 1, '192.168.0.251', '172.20.6.10', 1, '2021-08-09 00:38:24', '2021-08-09 00:38:24'),
(2, 2, '192.168.0.236', '172.20.6.14', 1, '2021-08-09 00:38:56', '2021-08-09 00:38:56'),
(3, 3, '192.168.0.249', '172.66.6.18', 1, '2021-08-09 00:39:47', '2021-08-09 00:39:47'),
(4, 4, '192.168.0.247', '172.66.6.22', 1, '2021-08-09 00:40:30', '2021-08-09 00:40:30'),
(5, 5, '192.168.0.240', '172.66.6.26', 1, '2021-08-09 00:41:16', '2021-08-09 00:41:16'),
(6, 6, '192.168.0.245', '172.20.6.30', 1, '2021-08-09 00:41:49', '2021-08-09 00:41:49'),
(7, 7, '192.168.0.243', '172.66.6.34', 1, '2021-08-09 00:43:26', '2021-08-09 00:43:26'),
(8, 8, '192.168.0.', '172.66.6.54', 1, '2021-08-09 00:44:35', '2021-08-09 00:44:35'),
(9, 9, '192.168.0.', '172.66.6.62', 1, '2021-08-09 00:46:03', '2021-08-09 00:46:03'),
(10, 10, '192.168.0.237', '172.66.6.66', 1, '2021-08-09 00:46:34', '2021-08-09 00:46:34'),
(11, 11, '192.168.0.235', '172.66.6.70', 1, '2021-08-09 00:47:05', '2021-08-09 00:47:05'),
(12, 12, '192.168.0.232', '172.66.6.74', 1, '2021-08-09 00:47:57', '2021-08-09 00:47:57'),
(13, 13, '192.168.0.231', '172.66.6.78', 1, '2021-08-09 00:48:29', '2021-08-09 00:48:29'),
(14, 14, '192.168.0.', '172.66.6.82', 1, '2021-08-09 00:49:07', '2021-08-09 00:49:07'),
(15, 15, '192.168.0.234', '172.66.6.86', 1, '2021-08-09 00:49:55', '2021-08-09 00:49:55'),
(16, 16, '192.168.0.229', '172.66.6.90', 1, '2021-08-09 00:50:37', '2021-08-09 00:50:37'),
(17, 17, '192.168.0.228', '172.66.6.94', 3, '2021-08-09 00:51:08', '2021-08-31 17:19:32'),
(18, 18, '192.168.0.', '172.66.6.98', 1, '2021-08-09 00:51:44', '2021-08-09 00:51:44'),
(19, 19, '192.168.0.227', '172.66.6.102', 1, '2021-08-09 00:52:18', '2021-08-09 00:52:18'),
(20, 20, '192.168.0.224', '172.66.6.106', 1, '2021-08-09 00:52:48', '2021-08-09 00:52:48'),
(21, 21, '192.168.0.224', '172.66.6.110', 1, '2021-08-09 00:54:01', '2021-08-09 00:54:01'),
(22, 22, '192.168.0.226', '172.66.6.114', 1, '2021-08-09 00:55:16', '2021-08-09 00:55:16'),
(23, 23, '192.168.0.225', '172.66.6.118', 1, '2021-08-31 17:27:10', '2021-08-31 17:27:10'),
(24, 24, '192.168.0.223', '172.20.6.122', 1, '2021-08-31 17:28:34', '2021-08-31 17:28:34'),
(25, 26, '000.000.000.000', '172.20.6.134', 1, '2021-10-01 20:03:43', '2021-10-01 20:03:58'),
(26, 25, '192.168.0.222', '172.20.6.126', 1, '2021-10-01 20:04:53', '2021-10-01 20:04:53'),
(27, 27, '192.168.0.221', '172.20.6.130', 1, '2021-12-11 23:34:11', '2021-12-11 23:36:11'),
(28, 28, '192.168.0.219', '172.20.6.138', 1, '2021-12-11 23:35:42', '2021-12-11 23:35:42'),
(29, 29, '192.168.0.220', '172.20.6.142', 1, '2022-01-04 03:21:58', '2022-01-04 03:21:58'),
(30, 30, '192.168.0.115', '172.20.6.146', 1, '2022-02-02 05:07:26', '2022-02-02 05:07:26'),
(31, 31, '192.168.0.118', '172.20.6.154', 1, '2022-02-02 05:08:06', '2022-02-02 05:08:06'),
(32, 32, '192.168.0.117', '172.20.6.150', 1, '2022-02-02 05:08:46', '2022-02-02 05:08:46'),
(33, 33, '192.168.0.116', '172.20.6.158', 1, '2022-03-04 04:06:36', '2022-03-04 04:06:36'),
(34, 34, '192.168.0.114', '172.20.6.166', 1, '2022-04-02 14:43:35', '2022-04-02 14:43:35'),
(35, 35, '192.168.0.113', '172.20.6.170', 1, '2022-05-03 17:54:40', '2022-05-03 17:54:40'),
(36, 36, '192.168.0.112', '172.20.6.174', 1, '2022-06-09 14:25:49', '2022-06-09 14:25:49'),
(37, 37, '192.168.0.111', '172.20.6.178', 1, '2022-09-06 06:30:22', '2022-09-06 06:30:22');

-- --------------------------------------------------------

--
-- Table structure for table `failed_jobs`
--

CREATE TABLE `failed_jobs` (
  `id` bigint(20) UNSIGNED NOT NULL,
  `uuid` varchar(255) NOT NULL,
  `connection` text NOT NULL,
  `queue` text NOT NULL,
  `payload` longtext NOT NULL,
  `exception` longtext NOT NULL,
  `failed_at` timestamp NOT NULL DEFAULT current_timestamp()
) ENGINE=InnoDB DEFAULT CHARSET=utf8mb4 COLLATE=utf8mb4_unicode_ci;

-- --------------------------------------------------------

--
-- Table structure for table `migrations`
--

CREATE TABLE `migrations` (
  `id` int(10) UNSIGNED NOT NULL,
  `migration` varchar(255) NOT NULL,
  `batch` int(11) NOT NULL
) ENGINE=InnoDB DEFAULT CHARSET=utf8mb4 COLLATE=utf8mb4_unicode_ci;

--
-- Dumping data for table `migrations`
--

INSERT INTO `migrations` (`id`, `migration`, `batch`) VALUES
(1, '2014_10_12_000000_create_users_table', 1),
(2, '2014_10_12_100000_create_password_resets_table', 1),
(3, '2019_08_19_000000_create_failed_jobs_table', 1),
(4, '2021_07_24_134622_create_customers_table', 1),
(5, '2021_07_24_135300_create_bills_table', 1),
(6, '2021_07_25_040224_create_packages_table', 1),
(7, '2021_07_25_040715_create_customer_bandwidths_table', 1),
(8, '2021_08_09_013747_add_invoice_number_to_bills_table', 1);

-- --------------------------------------------------------

--
-- Table structure for table `packages`
--

CREATE TABLE `packages` (
  `id` bigint(20) UNSIGNED NOT NULL,
  `bandwidth` int(11) NOT NULL,
  `price` int(11) NOT NULL,
  `created_at` timestamp NULL DEFAULT NULL,
  `updated_at` timestamp NULL DEFAULT NULL
) ENGINE=InnoDB DEFAULT CHARSET=utf8mb4 COLLATE=utf8mb4_unicode_ci;

--
-- Dumping data for table `packages`
--

INSERT INTO `packages` (`id`, `bandwidth`, `price`, `created_at`, `updated_at`) VALUES
(1, 10, 120000, '2021-08-09 00:36:59', '2021-08-09 00:36:59'),
(2, 15, 180000, '2021-08-31 17:18:03', '2021-08-31 17:18:03'),
(3, 20, 240000, '2021-08-31 17:18:29', '2021-08-31 17:18:29');

-- --------------------------------------------------------

--
-- Table structure for table `password_resets`
--

CREATE TABLE `password_resets` (
  `email` varchar(255) NOT NULL,
  `token` varchar(255) NOT NULL,
  `created_at` timestamp NULL DEFAULT NULL
) ENGINE=InnoDB DEFAULT CHARSET=utf8mb4 COLLATE=utf8mb4_unicode_ci;

-- --------------------------------------------------------

--
-- Table structure for table `users`
--

CREATE TABLE `users` (
  `id` bigint(20) UNSIGNED NOT NULL,
  `email` varchar(255) NOT NULL,
  `password` varchar(255) NOT NULL,
  `name` varchar(100) NOT NULL,
  `place_of_birth` varchar(100) NOT NULL,
  `date_of_birth` date NOT NULL,
  `gender` tinyint(1) NOT NULL,
  `phone` char(13) NOT NULL,
  `address` text NOT NULL,
  `image` varchar(100) NOT NULL,
  `created_at` timestamp NULL DEFAULT NULL,
  `updated_at` timestamp NULL DEFAULT NULL
) ENGINE=InnoDB DEFAULT CHARSET=utf8mb4 COLLATE=utf8mb4_unicode_ci;

--
-- Dumping data for table `users`
--

INSERT INTO `users` (`id`, `email`, `password`, `name`, `place_of_birth`, `date_of_birth`, `gender`, `phone`, `address`, `image`, `created_at`, `updated_at`) VALUES
(1, 'pujito@yahoo.com', '$2y$10$9t/dep7oG/pQ3dWs2kA/e.ohqwXeoIwfnzTs/k2lOxbK0.Gae6246', 'Pujito Adnyana', 'Denpasar', '1999-01-08', 1, '08223718889', 'Jl. Raya Mengwi', 'assets/admin/media/users/blank.png', '2021-08-09 00:10:28', '2021-08-09 00:10:28');

--
-- Indexes for dumped tables
--

--
-- Indexes for table `bills`
--
ALTER TABLE `bills`
  ADD PRIMARY KEY (`id`),
  ADD KEY `bills_customer_id_foreign` (`customer_id`);

--
-- Indexes for table `customers`
--
ALTER TABLE `customers`
  ADD PRIMARY KEY (`id`);

--
-- Indexes for table `customer_bandwidths`
--
ALTER TABLE `customer_bandwidths`
  ADD PRIMARY KEY (`id`),
  ADD KEY `customer_bandwidths_customer_id_foreign` (`customer_id`),
  ADD KEY `customer_bandwidths_package_id_foreign` (`package_id`);

--
-- Indexes for table `failed_jobs`
--
ALTER TABLE `failed_jobs`
  ADD PRIMARY KEY (`id`),
  ADD UNIQUE KEY `failed_jobs_uuid_unique` (`uuid`);

--
-- Indexes for table `migrations`
--
ALTER TABLE `migrations`
  ADD PRIMARY KEY (`id`);

--
-- Indexes for table `packages`
--
ALTER TABLE `packages`
  ADD PRIMARY KEY (`id`);

--
-- Indexes for table `password_resets`
--
ALTER TABLE `password_resets`
  ADD KEY `password_resets_email_index` (`email`);

--
-- Indexes for table `users`
--
ALTER TABLE `users`
  ADD PRIMARY KEY (`id`),
  ADD UNIQUE KEY `users_email_unique` (`email`);

--
-- AUTO_INCREMENT for dumped tables
--

--
-- AUTO_INCREMENT for table `bills`
--
ALTER TABLE `bills`
  MODIFY `id` bigint(20) UNSIGNED NOT NULL AUTO_INCREMENT, AUTO_INCREMENT=680;

--
-- AUTO_INCREMENT for table `customers`
--
ALTER TABLE `customers`
  MODIFY `id` bigint(20) UNSIGNED NOT NULL AUTO_INCREMENT, AUTO_INCREMENT=38;

--
-- AUTO_INCREMENT for table `customer_bandwidths`
--
ALTER TABLE `customer_bandwidths`
  MODIFY `id` bigint(20) UNSIGNED NOT NULL AUTO_INCREMENT, AUTO_INCREMENT=38;

--
-- AUTO_INCREMENT for table `failed_jobs`
--
ALTER TABLE `failed_jobs`
  MODIFY `id` bigint(20) UNSIGNED NOT NULL AUTO_INCREMENT;

--
-- AUTO_INCREMENT for table `migrations`
--
ALTER TABLE `migrations`
  MODIFY `id` int(10) UNSIGNED NOT NULL AUTO_INCREMENT, AUTO_INCREMENT=9;

--
-- AUTO_INCREMENT for table `packages`
--
ALTER TABLE `packages`
  MODIFY `id` bigint(20) UNSIGNED NOT NULL AUTO_INCREMENT, AUTO_INCREMENT=4;

--
-- AUTO_INCREMENT for table `users`
--
ALTER TABLE `users`
  MODIFY `id` bigint(20) UNSIGNED NOT NULL AUTO_INCREMENT, AUTO_INCREMENT=2;

--
-- Constraints for dumped tables
--

--
-- Constraints for table `bills`
--
ALTER TABLE `bills`
  ADD CONSTRAINT `bills_customer_id_foreign` FOREIGN KEY (`customer_id`) REFERENCES `customers` (`id`) ON DELETE CASCADE;

--
-- Constraints for table `customer_bandwidths`
--
ALTER TABLE `customer_bandwidths`
  ADD CONSTRAINT `customer_bandwidths_customer_id_foreign` FOREIGN KEY (`customer_id`) REFERENCES `customers` (`id`) ON DELETE CASCADE,
  ADD CONSTRAINT `customer_bandwidths_package_id_foreign` FOREIGN KEY (`package_id`) REFERENCES `packages` (`id`) ON DELETE CASCADE;
COMMIT;

/*!40101 SET CHARACTER_SET_CLIENT=@OLD_CHARACTER_SET_CLIENT */;
/*!40101 SET CHARACTER_SET_RESULTS=@OLD_CHARACTER_SET_RESULTS */;
/*!40101 SET COLLATION_CONNECTION=@OLD_COLLATION_CONNECTION */;
